This file contains any messages produced by compilers while
running configure, to aid debugging if configure makes a mistake.

It was created by nghttp2 configure 1.65.0, which was
generated by GNU Autoconf 2.71.  Invocation command line was

  $ ./configure --enable-lib-only --disable-examples --disable-app --disable-threads --quiet

## --------- ##
## Platform. ##
## --------- ##

hostname = cp-ubuntu
uname -m = x86_64
uname -r = 6.17.0-23-generic
uname -s = Linux
uname -v = #23~24.04.1-Ubuntu SMP PREEMPT_DYNAMIC Tue Apr 14 16:11:48 UTC 2

/usr/bin/uname -p = x86_64
/bin/uname -X     = unknown

/bin/arch              = x86_64
/usr/bin/arch -k       = unknown
/usr/convex/getsysinfo = unknown
/usr/bin/hostinfo      = unknown
/bin/machine           = unknown
/usr/bin/oslevel       = unknown
/bin/universe          = unknown

PATH: /home/kcope/.config/Code/User/globalStorage/github.copilot-chat/debugCommand/
PATH: /home/kcope/.config/Code/User/globalStorage/github.copilot-chat/copilotCli/
PATH: /home/kcope/.local/bin/
PATH: /home/kcope/.local/bin/
PATH: /usr/local/sbin/
PATH: /usr/local/bin/
PATH: /usr/sbin/
PATH: /usr/bin/
PATH: /sbin/
PATH: /bin/
PATH: /usr/games/
PATH: /usr/local/games/
PATH: /snap/bin/
PATH: /snap/bin/
PATH: /home/kcope/.vscode/extensions/ms-python.debugpy-2026.6.0-linux-x64/bundled/scripts/noConfigScripts/


## ----------- ##
## Core tests. ##
## ----------- ##

configure:3387: looking for aux files: missing install-sh config.guess config.sub ltmain.sh compile
configure:3400:  trying ././
configure:3429:   ././missing found
configure:3411:   ././install-sh found
configure:3429:   ././config.guess found
configure:3429:   ././config.sub found
configure:3429:   ././ltmain.sh found
configure:3429:   ././compile found
configure:3611: checking for gcc
configure:3632: found /usr/bin/gcc
configure:3643: result: gcc
configure:3996: checking for C compiler version
configure:4005: gcc --version >&5
gcc (Ubuntu 13.3.0-6ubuntu2~24.04.1) 13.3.0
Copyright (C) 2023 Free Software Foundation, Inc.
This is free software; see the source for copying conditions.  There is NO
warranty; not even for MERCHANTABILITY or FITNESS FOR A PARTICULAR PURPOSE.

configure:4016: $? = 0
configure:4005: gcc -v >&5
Using built-in specs.
COLLECT_GCC=gcc
COLLECT_LTO_WRAPPER=/usr/libexec/gcc/x86_64-linux-gnu/13/lto-wrapper
OFFLOAD_TARGET_NAMES=nvptx-none:amdgcn-amdhsa
OFFLOAD_TARGET_DEFAULT=1
Target: x86_64-linux-gnu
Configured with: ../src/configure -v --with-pkgversion='Ubuntu 13.3.0-6ubuntu2~24.04.1' --with-bugurl=file:///usr/share/doc/gcc-13/README.Bugs --enable-languages=c,ada,c++,go,d,fortran,objc,obj-c++,m2 --prefix=/usr --with-gcc-major-version-only --program-suffix=-13 --program-prefix=x86_64-linux-gnu- --enable-shared --enable-linker-build-id --libexecdir=/usr/libexec --without-included-gettext --enable-threads=posix --libdir=/usr/lib --enable-nls --enable-bootstrap --enable-clocale=gnu --enable-libstdcxx-debug --enable-libstdcxx-time=yes --with-default-libstdcxx-abi=new --enable-libstdcxx-backtrace --enable-gnu-unique-object --disable-vtable-verify --enable-plugin --enable-default-pie --with-system-zlib --enable-libphobos-checking=release --with-target-system-zlib=auto --enable-objc-gc=auto --enable-multiarch --disable-werror --enable-cet --with-arch-32=i686 --with-abi=m64 --with-multilib-list=m32,m64,mx32 --enable-multilib --with-tune=generic --enable-offload-targets=nvptx-none=/build/gcc-13-EldibY/gcc-13-13.3.0/debian/tmp-nvptx/usr,amdgcn-amdhsa=/build/gcc-13-EldibY/gcc-13-13.3.0/debian/tmp-gcn/usr --enable-offload-defaulted --without-cuda-driver --enable-checking=release --build=x86_64-linux-gnu --host=x86_64-linux-gnu --target=x86_64-linux-gnu --with-build-config=bootstrap-lto-lean --enable-link-serialization=2
Thread model: posix
Supported LTO compression algorithms: zlib zstd
gcc version 13.3.0 (Ubuntu 13.3.0-6ubuntu2~24.04.1) 
... rest of stderr output deleted ...
configure:4016: $? = 0
configure:4005: gcc -V >&5
gcc: error: unrecognized command-line option '-V'
gcc: fatal error: no input files
compilation terminated.
configure:4016: $? = 1
configure:4005: gcc -qversion >&5
gcc: error: unrecognized command-line option '-qversion'; did you mean '--version'?
gcc: fatal error: no input files
compilation terminated.
configure:4016: $? = 1
configure:4005: gcc -version >&5
gcc: error: unrecognized command-line option '-version'
gcc: fatal error: no input files
compilation terminated.
configure:4016: $? = 1
configure:4036: checking whether the C compiler works
configure:4058: gcc    conftest.c  >&5
configure:4062: $? = 0
configure:4112: result: yes
configure:4115: checking for C compiler default output file name
configure:4117: result: a.out
configure:4123: checking for suffix of executables
configure:4130: gcc -o conftest    conftest.c  >&5
configure:4134: $? = 0
configure:4157: result: 
configure:4179: checking whether we are cross compiling
configure:4187: gcc -o conftest    conftest.c  >&5
configure:4191: $? = 0
configure:4198: ./conftest
configure:4202: $? = 0
configure:4217: result: no
configure:4222: checking for suffix of object files
configure:4245: gcc -c   conftest.c >&5
configure:4249: $? = 0
configure:4271: result: o
configure:4275: checking whether the compiler supports GNU C
configure:4295: gcc -c   conftest.c >&5
configure:4295: $? = 0
configure:4305: result: yes
configure:4316: checking whether gcc accepts -g
configure:4337: gcc -c -g  conftest.c >&5
configure:4337: $? = 0
configure:4381: result: yes
configure:4401: checking for gcc option to enable C11 features
configure:4416: gcc  -c -g -O2  conftest.c >&5
configure:4416: $? = 0
configure:4434: result: none needed
configure:4550: checking whether gcc understands -c and -o together
configure:4573: gcc -c conftest.c -o conftest2.o
configure:4576: $? = 0
configure:4573: gcc -c conftest.c -o conftest2.o
configure:4576: $? = 0
configure:4588: result: yes
configure:4610: checking for stdio.h
configure:4610: gcc -c -g -O2  conftest.c >&5
configure:4610: $? = 0
configure:4610: result: yes
configure:4610: checking for stdlib.h
configure:4610: gcc -c -g -O2  conftest.c >&5
configure:4610: $? = 0
configure:4610: result: yes
configure:4610: checking for string.h
configure:4610: gcc -c -g -O2  conftest.c >&5
configure:4610: $? = 0
configure:4610: result: yes
configure:4610: checking for inttypes.h
configure:4610: gcc -c -g -O2  conftest.c >&5
configure:4610: $? = 0
configure:4610: result: yes
configure:4610: checking for stdint.h
configure:4610: gcc -c -g -O2  conftest.c >&5
configure:4610: $? = 0
configure:4610: result: yes
configure:4610: checking for strings.h
configure:4610: gcc -c -g -O2  conftest.c >&5
configure:4610: $? = 0
configure:4610: result: yes
configure:4610: checking for sys/stat.h
configure:4610: gcc -c -g -O2  conftest.c >&5
configure:4610: $? = 0
configure:4610: result: yes
configure:4610: checking for sys/types.h
configure:4610: gcc -c -g -O2  conftest.c >&5
configure:4610: $? = 0
configure:4610: result: yes
configure:4610: checking for unistd.h
configure:4610: gcc -c -g -O2  conftest.c >&5
configure:4610: $? = 0
configure:4610: result: yes
configure:4610: checking for wchar.h
configure:4610: gcc -c -g -O2  conftest.c >&5
configure:4610: $? = 0
configure:4610: result: yes
configure:4610: checking for minix/config.h
configure:4610: gcc -c -g -O2  conftest.c >&5
conftest.c:47:10: fatal error: minix/config.h: No such file or directory
   47 | #include <minix/config.h>
      |          ^~~~~~~~~~~~~~~~
compilation terminated.
configure:4610: $? = 1
configure: failed program was:
| /* confdefs.h */
| #define PACKAGE_NAME "nghttp2"
| #define PACKAGE_TARNAME "nghttp2"
| #define PACKAGE_VERSION "1.65.0"
| #define PACKAGE_STRING "nghttp2 1.65.0"
| #define PACKAGE_BUGREPORT "t-tujikawa@users.sourceforge.net"
| #define PACKAGE_URL ""
| #define HAVE_STDIO_H 1
| #define HAVE_STDLIB_H 1
| #define HAVE_STRING_H 1
| #define HAVE_INTTYPES_H 1
| #define HAVE_STDINT_H 1
| #define HAVE_STRINGS_H 1
| #define HAVE_SYS_STAT_H 1
| #define HAVE_SYS_TYPES_H 1
| #define HAVE_UNISTD_H 1
| #define HAVE_WCHAR_H 1
| /* end confdefs.h.  */
| #include <stddef.h>
| #ifdef HAVE_STDIO_H
| # include <stdio.h>
| #endif
| #ifdef HAVE_STDLIB_H
| # include <stdlib.h>
| #endif
| #ifdef HAVE_STRING_H
| # include <string.h>
| #endif
| #ifdef HAVE_INTTYPES_H
| # include <inttypes.h>
| #endif
| #ifdef HAVE_STDINT_H
| # include <stdint.h>
| #endif
| #ifdef HAVE_STRINGS_H
| # include <strings.h>
| #endif
| #ifdef HAVE_SYS_TYPES_H
| # include <sys/types.h>
| #endif
| #ifdef HAVE_SYS_STAT_H
| # include <sys/stat.h>
| #endif
| #ifdef HAVE_UNISTD_H
| # include <unistd.h>
| #endif
| #include <minix/config.h>
configure:4610: result: no
configure:4610: checking for vfork.h
configure:4610: gcc -c -g -O2  conftest.c >&5
conftest.c:47:10: fatal error: vfork.h: No such file or directory
   47 | #include <vfork.h>
      |          ^~~~~~~~~
compilation terminated.
configure:4610: $? = 1
configure: failed program was:
| /* confdefs.h */
| #define PACKAGE_NAME "nghttp2"
| #define PACKAGE_TARNAME "nghttp2"
| #define PACKAGE_VERSION "1.65.0"
| #define PACKAGE_STRING "nghttp2 1.65.0"
| #define PACKAGE_BUGREPORT "t-tujikawa@users.sourceforge.net"
| #define PACKAGE_URL ""
| #define HAVE_STDIO_H 1
| #define HAVE_STDLIB_H 1
| #define HAVE_STRING_H 1
| #define HAVE_INTTYPES_H 1
| #define HAVE_STDINT_H 1
| #define HAVE_STRINGS_H 1
| #define HAVE_SYS_STAT_H 1
| #define HAVE_SYS_TYPES_H 1
| #define HAVE_UNISTD_H 1
| #define HAVE_WCHAR_H 1
| /* end confdefs.h.  */
| #include <stddef.h>
| #ifdef HAVE_STDIO_H
| # include <stdio.h>
| #endif
| #ifdef HAVE_STDLIB_H
| # include <stdlib.h>
| #endif
| #ifdef HAVE_STRING_H
| # include <string.h>
| #endif
| #ifdef HAVE_INTTYPES_H
| # include <inttypes.h>
| #endif
| #ifdef HAVE_STDINT_H
| # include <stdint.h>
| #endif
| #ifdef HAVE_STRINGS_H
| # include <strings.h>
| #endif
| #ifdef HAVE_SYS_TYPES_H
| # include <sys/types.h>
| #endif
| #ifdef HAVE_SYS_STAT_H
| # include <sys/stat.h>
| #endif
| #ifdef HAVE_UNISTD_H
| # include <unistd.h>
| #endif
| #include <vfork.h>
configure:4610: result: no
configure:4641: checking whether it is safe to define __EXTENSIONS__
configure:4660: gcc -c -g -O2  conftest.c >&5
configure:4660: $? = 0
configure:4668: result: yes
configure:4671: checking whether _XOPEN_SOURCE should be defined
configure:4693: gcc -c -g -O2  conftest.c >&5
configure:4693: $? = 0
configure:4720: result: no
configure:4810: checking build system type
configure:4825: result: x86_64-pc-linux-gnu
configure:4845: checking host system type
configure:4859: result: x86_64-pc-linux-gnu
configure:4900: checking how to print strings
configure:4927: result: printf
configure:4948: checking for a sed that does not truncate output
configure:5018: result: /usr/bin/sed
configure:5036: checking for grep that handles long lines and -e
configure:5100: result: /usr/bin/grep
configure:5105: checking for egrep
configure:5173: result: /usr/bin/grep -E
configure:5178: checking for fgrep
configure:5246: result: /usr/bin/grep -F
configure:5282: checking for ld used by gcc
configure:5350: result: /usr/bin/ld
configure:5357: checking if the linker (/usr/bin/ld) is GNU ld
configure:5373: result: yes
configure:5385: checking for BSD- or MS-compatible name lister (nm)
configure:5440: result: /usr/bin/nm -B
configure:5580: checking the name lister (/usr/bin/nm -B) interface
configure:5588: gcc -c -g -O2  conftest.c >&5
configure:5591: /usr/bin/nm -B "conftest.o"
configure:5594: output
0000000000000000 B some_variable
configure:5601: result: BSD nm
configure:5604: checking whether ln -s works
configure:5608: result: yes
configure:5616: checking the maximum length of command line arguments
configure:5748: result: 1572864
configure:5796: checking how to convert x86_64-pc-linux-gnu file names to x86_64-pc-linux-gnu format
configure:5837: result: func_convert_file_noop
configure:5844: checking how to convert x86_64-pc-linux-gnu file names to toolchain format
configure:5865: result: func_convert_file_noop
configure:5872: checking for /usr/bin/ld option to reload object files
configure:5880: result: -r
configure:5959: checking for file
configure:5980: found /usr/bin/file
configure:5991: result: file
configure:6067: checking for objdump
configure:6088: found /usr/bin/objdump
configure:6099: result: objdump
configure:6131: checking how to recognize dependent libraries
configure:6332: result: pass_all
configure:6422: checking for dlltool
configure:6457: result: no
configure:6487: checking how to associate runtime and link libraries
configure:6515: result: printf %s\n
configure:6580: checking for ar
configure:6601: found /usr/bin/ar
configure:6612: result: ar
configure:6665: checking for archiver @FILE support
configure:6683: gcc -c -g -O2  conftest.c >&5
configure:6683: $? = 0
configure:6687: ar cr libconftest.a @conftest.lst >&5
configure:6690: $? = 0
configure:6695: ar cr libconftest.a @conftest.lst >&5
ar: conftest.o: No such file or directory
configure:6698: $? = 1
configure:6710: result: @
configure:6773: checking for strip
configure:6794: found /usr/bin/strip
configure:6805: result: strip
configure:6882: checking for ranlib
configure:6903: found /usr/bin/ranlib
configure:6914: result: ranlib
configure:6991: checking for gawk
configure:7012: found /usr/bin/gawk
configure:7023: result: gawk
configure:7063: checking command to parse /usr/bin/nm -B output from gcc object
configure:7217: gcc -c -g -O2  conftest.c >&5
configure:7220: $? = 0
configure:7224: /usr/bin/nm -B conftest.o | /usr/bin/sed -n -e 's/^.*[	 ]\([ABCDGIRSTW][ABCDGIRSTW]*\)[	 ][	 ]*\([_A-Za-z][_A-Za-z0-9]*\)$/\1 \2 \2/p' | /usr/bin/sed '/ __gnu_lto/d' > conftest.nm
configure:7290: gcc -o conftest -g -O2   conftest.c conftstm.o >&5
configure:7293: $? = 0
configure:7331: result: ok
configure:7378: checking for sysroot
configure:7409: result: no
configure:7416: checking for a working dd
configure:7460: result: /usr/bin/dd
configure:7464: checking how to truncate binary pipes
configure:7480: result: /usr/bin/dd bs=4096 count=1
configure:7617: gcc -c -g -O2  conftest.c >&5
configure:7620: $? = 0
configure:7817: checking for mt
configure:7838: found /usr/bin/mt
configure:7849: result: mt
configure:7872: checking if mt is a manifest tool
configure:7879: mt '-?'
configure:7887: result: no
configure:8608: checking for dlfcn.h
configure:8608: gcc -c -g -O2  conftest.c >&5
configure:8608: $? = 0
configure:8608: result: yes
configure:8867: checking for objdir
configure:8883: result: .libs
configure:9147: checking if gcc supports -fno-rtti -fno-exceptions
configure:9166: gcc -c -g -O2  -fno-rtti -fno-exceptions conftest.c >&5
cc1: warning: command-line option '-fno-rtti' is valid for C++/D/ObjC++ but not for C
configure:9170: $? = 0
configure:9183: result: no
configure:9547: checking for gcc option to produce PIC
configure:9555: result: -fPIC -DPIC
configure:9563: checking if gcc PIC flag -fPIC -DPIC works
configure:9582: gcc -c -g -O2  -fPIC -DPIC -DPIC conftest.c >&5
configure:9586: $? = 0
configure:9599: result: yes
configure:9628: checking if gcc static flag -static works
configure:9657: result: yes
configure:9672: checking if gcc supports -c -o file.o
configure:9694: gcc -c -g -O2  -o out/conftest2.o conftest.c >&5
configure:9698: $? = 0
configure:9720: result: yes
configure:9728: checking if gcc supports -c -o file.o
configure:9776: result: yes
configure:9809: checking whether the gcc linker (/usr/bin/ld -m elf_x86_64) supports shared libraries
configure:11083: result: yes
configure:11120: checking whether -lc should be explicitly linked in
configure:11129: gcc -c -g -O2  conftest.c >&5
configure:11132: $? = 0
configure:11147: gcc -shared  -fPIC -DPIC conftest.o  -v -Wl,-soname -Wl,conftest -o conftest 2\>\&1 \| /usr/bin/grep  -lc  \>/dev/null 2\>\&1
configure:11150: $? = 0
configure:11164: result: no
configure:11324: checking dynamic linker characteristics
configure:11906: gcc -o conftest -g -O2   -Wl,-rpath -Wl,/foo conftest.c  >&5
configure:11906: $? = 0
configure:12157: result: GNU/Linux ld.so
configure:12279: checking how to hardcode library paths into programs
configure:12304: result: immediate
configure:12856: checking whether stripping libraries is possible
configure:12865: result: yes
configure:12907: checking if libtool supports shared libraries
configure:12909: result: yes
configure:12912: checking whether to build shared libraries
configure:12937: result: yes
configure:12940: checking whether to build static libraries
configure:12944: result: yes
configure:12984: checking target system type
configure:12998: result: x86_64-pc-linux-gnu
configure:13042: checking for a BSD-compatible install
configure:13115: result: /usr/bin/install -c
configure:13126: checking whether build environment is sane
configure:13181: result: yes
configure:13336: checking for a race-free mkdir -p
configure:13380: result: /usr/bin/mkdir -p
configure:13383: checking whether make sets $(MAKE)
configure:13406: result: yes
configure:13428: checking whether make supports the include directive
configure:13443: make -f confmf.GNU && cat confinc.out
this is the am__doit target
configure:13446: $? = 0
configure:13465: result: yes (GNU style)
configure:13500: checking whether make supports nested variables
configure:13518: result: yes
configure:13593: checking how to create a pax tar archive
configure:13604: tar --version
tar (GNU tar) 1.35
Copyright (C) 2023 Free Software Foundation, Inc.
License GPLv3+: GNU GPL version 3 or later <https://gnu.org/licenses/gpl.html>.
This is free software: you are free to change and redistribute it.
There is NO WARRANTY, to the extent permitted by law.

Written by John Gilmore and Jay Fenlason.
configure:13607: $? = 0
configure:13647: tardir=conftest.dir && eval tar --format=posix -chf - "$tardir" >conftest.tar
configure:13650: $? = 0
configure:13654: tar -xf - <conftest.tar
configure:13657: $? = 0
configure:13659: cat conftest.dir/file
GrepMe
configure:13662: $? = 0
configure:13676: result: gnutar
configure:13685: checking dependency style of gcc
configure:13797: result: gcc3
configure:13882: checking whether make supports nested variables
configure:13900: result: yes
configure:14241: checking for gcc
configure:14273: result: gcc
configure:14626: checking for C compiler version
configure:14635: gcc --version >&5
gcc (Ubuntu 13.3.0-6ubuntu2~24.04.1) 13.3.0
Copyright (C) 2023 Free Software Foundation, Inc.
This is free software; see the source for copying conditions.  There is NO
warranty; not even for MERCHANTABILITY or FITNESS FOR A PARTICULAR PURPOSE.

configure:14646: $? = 0
configure:14635: gcc -v >&5
Using built-in specs.
COLLECT_GCC=gcc
COLLECT_LTO_WRAPPER=/usr/libexec/gcc/x86_64-linux-gnu/13/lto-wrapper
OFFLOAD_TARGET_NAMES=nvptx-none:amdgcn-amdhsa
OFFLOAD_TARGET_DEFAULT=1
Target: x86_64-linux-gnu
Configured with: ../src/configure -v --with-pkgversion='Ubuntu 13.3.0-6ubuntu2~24.04.1' --with-bugurl=file:///usr/share/doc/gcc-13/README.Bugs --enable-languages=c,ada,c++,go,d,fortran,objc,obj-c++,m2 --prefix=/usr --with-gcc-major-version-only --program-suffix=-13 --program-prefix=x86_64-linux-gnu- --enable-shared --enable-linker-build-id --libexecdir=/usr/libexec --without-included-gettext --enable-threads=posix --libdir=/usr/lib --enable-nls --enable-bootstrap --enable-clocale=gnu --enable-libstdcxx-debug --enable-libstdcxx-time=yes --with-default-libstdcxx-abi=new --enable-libstdcxx-backtrace --enable-gnu-unique-object --disable-vtable-verify --enable-plugin --enable-default-pie --with-system-zlib --enable-libphobos-checking=release --with-target-system-zlib=auto --enable-objc-gc=auto --enable-multiarch --disable-werror --enable-cet --with-arch-32=i686 --with-abi=m64 --with-multilib-list=m32,m64,mx32 --enable-multilib --with-tune=generic --enable-offload-targets=nvptx-none=/build/gcc-13-EldibY/gcc-13-13.3.0/debian/tmp-nvptx/usr,amdgcn-amdhsa=/build/gcc-13-EldibY/gcc-13-13.3.0/debian/tmp-gcn/usr --enable-offload-defaulted --without-cuda-driver --enable-checking=release --build=x86_64-linux-gnu --host=x86_64-linux-gnu --target=x86_64-linux-gnu --with-build-config=bootstrap-lto-lean --enable-link-serialization=2
Thread model: posix
Supported LTO compression algorithms: zlib zstd
gcc version 13.3.0 (Ubuntu 13.3.0-6ubuntu2~24.04.1) 
... rest of stderr output deleted ...
configure:14646: $? = 0
configure:14635: gcc -V >&5
gcc: error: unrecognized command-line option '-V'
gcc: fatal error: no input files
compilation terminated.
configure:14646: $? = 1
configure:14635: gcc -qversion >&5
gcc: error: unrecognized command-line option '-qversion'; did you mean '--version'?
gcc: fatal error: no input files
compilation terminated.
configure:14646: $? = 1
configure:14635: gcc -version >&5
gcc: error: unrecognized command-line option '-version'
gcc: fatal error: no input files
compilation terminated.
configure:14646: $? = 1
configure:14650: checking whether the compiler supports GNU C
configure:14680: result: yes
configure:14691: checking whether gcc accepts -g
configure:14756: result: yes
configure:14776: checking for gcc option to enable C11 features
configure:14809: result: none needed
configure:14925: checking whether gcc understands -c and -o together
configure:14963: result: yes
configure:15049: checking for g++
configure:15070: found /usr/bin/g++
configure:15081: result: g++
configure:15108: checking for C++ compiler version
configure:15117: g++ --version >&5
g++ (Ubuntu 13.3.0-6ubuntu2~24.04.1) 13.3.0
Copyright (C) 2023 Free Software Foundation, Inc.
This is free software; see the source for copying conditions.  There is NO
warranty; not even for MERCHANTABILITY or FITNESS FOR A PARTICULAR PURPOSE.

configure:15128: $? = 0
configure:15117: g++ -v >&5
Using built-in specs.
COLLECT_GCC=g++
COLLECT_LTO_WRAPPER=/usr/libexec/gcc/x86_64-linux-gnu/13/lto-wrapper
OFFLOAD_TARGET_NAMES=nvptx-none:amdgcn-amdhsa
OFFLOAD_TARGET_DEFAULT=1
Target: x86_64-linux-gnu
Configured with: ../src/configure -v --with-pkgversion='Ubuntu 13.3.0-6ubuntu2~24.04.1' --with-bugurl=file:///usr/share/doc/gcc-13/README.Bugs --enable-languages=c,ada,c++,go,d,fortran,objc,obj-c++,m2 --prefix=/usr --with-gcc-major-version-only --program-suffix=-13 --program-prefix=x86_64-linux-gnu- --enable-shared --enable-linker-build-id --libexecdir=/usr/libexec --without-included-gettext --enable-threads=posix --libdir=/usr/lib --enable-nls --enable-bootstrap --enable-clocale=gnu --enable-libstdcxx-debug --enable-libstdcxx-time=yes --with-default-libstdcxx-abi=new --enable-libstdcxx-backtrace --enable-gnu-unique-object --disable-vtable-verify --enable-plugin --enable-default-pie --with-system-zlib --enable-libphobos-checking=release --with-target-system-zlib=auto --enable-objc-gc=auto --enable-multiarch --disable-werror --enable-cet --with-arch-32=i686 --with-abi=m64 --with-multilib-list=m32,m64,mx32 --enable-multilib --with-tune=generic --enable-offload-targets=nvptx-none=/build/gcc-13-EldibY/gcc-13-13.3.0/debian/tmp-nvptx/usr,amdgcn-amdhsa=/build/gcc-13-EldibY/gcc-13-13.3.0/debian/tmp-gcn/usr --enable-offload-defaulted --without-cuda-driver --enable-checking=release --build=x86_64-linux-gnu --host=x86_64-linux-gnu --target=x86_64-linux-gnu --with-build-config=bootstrap-lto-lean --enable-link-serialization=2
Thread model: posix
Supported LTO compression algorithms: zlib zstd
gcc version 13.3.0 (Ubuntu 13.3.0-6ubuntu2~24.04.1) 
... rest of stderr output deleted ...
configure:15128: $? = 0
configure:15117: g++ -V >&5
g++: error: unrecognized command-line option '-V'
g++: fatal error: no input files
compilation terminated.
configure:15128: $? = 1
configure:15117: g++ -qversion >&5
g++: error: unrecognized command-line option '-qversion'; did you mean '--version'?
g++: fatal error: no input files
compilation terminated.
configure:15128: $? = 1
configure:15132: checking whether the compiler supports GNU C++
configure:15152: g++ -c   conftest.cpp >&5
configure:15152: $? = 0
configure:15162: result: yes
configure:15173: checking whether g++ accepts -g
configure:15194: g++ -c -g  conftest.cpp >&5
configure:15194: $? = 0
configure:15238: result: yes
configure:15258: checking for g++ option to enable C++11 features
configure:15273: g++  -c -g -O2  conftest.cpp >&5
conftest.cpp: In function 'int main(int, char**)':
conftest.cpp:206:25: warning: empty parentheses were disambiguated as a function declaration [-Wvexing-parse]
  206 |   cxx11test::delegate d2();
      |                         ^~
conftest.cpp:206:25: note: remove parentheses to default-initialize a variable
  206 |   cxx11test::delegate d2();
      |                         ^~
      |                         --
conftest.cpp:206:25: note: or replace parentheses with braces to value-initialize a variable
configure:15273: $? = 0
configure:15291: result: none needed
configure:15373: checking how to run the C++ preprocessor
configure:15395: g++ -E  conftest.cpp
configure:15395: $? = 0
configure:15410: g++ -E  conftest.cpp
conftest.cpp:40:10: fatal error: ac_nonexistent.h: No such file or directory
   40 | #include <ac_nonexistent.h>
      |          ^~~~~~~~~~~~~~~~~~
compilation terminated.
configure:15410: $? = 1
configure: failed program was:
| /* confdefs.h */
| #define PACKAGE_NAME "nghttp2"
| #define PACKAGE_TARNAME "nghttp2"
| #define PACKAGE_VERSION "1.65.0"
| #define PACKAGE_STRING "nghttp2 1.65.0"
| #define PACKAGE_BUGREPORT "t-tujikawa@users.sourceforge.net"
| #define PACKAGE_URL ""
| #define HAVE_STDIO_H 1
| #define HAVE_STDLIB_H 1
| #define HAVE_STRING_H 1
| #define HAVE_INTTYPES_H 1
| #define HAVE_STDINT_H 1
| #define HAVE_STRINGS_H 1
| #define HAVE_SYS_STAT_H 1
| #define HAVE_SYS_TYPES_H 1
| #define HAVE_UNISTD_H 1
| #define HAVE_WCHAR_H 1
| #define STDC_HEADERS 1
| #define _ALL_SOURCE 1
| #define _DARWIN_C_SOURCE 1
| #define _GNU_SOURCE 1
| #define _HPUX_ALT_XOPEN_SOCKET_API 1
| #define _NETBSD_SOURCE 1
| #define _OPENBSD_SOURCE 1
| #define _POSIX_PTHREAD_SEMANTICS 1
| #define __STDC_WANT_IEC_60559_ATTRIBS_EXT__ 1
| #define __STDC_WANT_IEC_60559_BFP_EXT__ 1
| #define __STDC_WANT_IEC_60559_DFP_EXT__ 1
| #define __STDC_WANT_IEC_60559_FUNCS_EXT__ 1
| #define __STDC_WANT_IEC_60559_TYPES_EXT__ 1
| #define __STDC_WANT_LIB_EXT2__ 1
| #define __STDC_WANT_MATH_SPEC_FUNCS__ 1
| #define _TANDEM_SOURCE 1
| #define __EXTENSIONS__ 1
| #define HAVE_DLFCN_H 1
| #define LT_OBJDIR ".libs/"
| #define PACKAGE "nghttp2"
| #define VERSION "1.65.0"
| /* end confdefs.h.  */
| #include <ac_nonexistent.h>
configure:15437: result: g++ -E
configure:15451: g++ -E  conftest.cpp
configure:15451: $? = 0
configure:15466: g++ -E  conftest.cpp
conftest.cpp:40:10: fatal error: ac_nonexistent.h: No such file or directory
   40 | #include <ac_nonexistent.h>
      |          ^~~~~~~~~~~~~~~~~~
compilation terminated.
configure:15466: $? = 1
configure: failed program was:
| /* confdefs.h */
| #define PACKAGE_NAME "nghttp2"
| #define PACKAGE_TARNAME "nghttp2"
| #define PACKAGE_VERSION "1.65.0"
| #define PACKAGE_STRING "nghttp2 1.65.0"
| #define PACKAGE_BUGREPORT "t-tujikawa@users.sourceforge.net"
| #define PACKAGE_URL ""
| #define HAVE_STDIO_H 1
| #define HAVE_STDLIB_H 1
| #define HAVE_STRING_H 1
| #define HAVE_INTTYPES_H 1
| #define HAVE_STDINT_H 1
| #define HAVE_STRINGS_H 1
| #define HAVE_SYS_STAT_H 1
| #define HAVE_SYS_TYPES_H 1
| #define HAVE_UNISTD_H 1
| #define HAVE_WCHAR_H 1
| #define STDC_HEADERS 1
| #define _ALL_SOURCE 1
| #define _DARWIN_C_SOURCE 1
| #define _GNU_SOURCE 1
| #define _HPUX_ALT_XOPEN_SOCKET_API 1
| #define _NETBSD_SOURCE 1
| #define _OPENBSD_SOURCE 1
| #define _POSIX_PTHREAD_SEMANTICS 1
| #define __STDC_WANT_IEC_60559_ATTRIBS_EXT__ 1
| #define __STDC_WANT_IEC_60559_BFP_EXT__ 1
| #define __STDC_WANT_IEC_60559_DFP_EXT__ 1
| #define __STDC_WANT_IEC_60559_FUNCS_EXT__ 1
| #define __STDC_WANT_IEC_60559_TYPES_EXT__ 1
| #define __STDC_WANT_LIB_EXT2__ 1
| #define __STDC_WANT_MATH_SPEC_FUNCS__ 1
| #define _TANDEM_SOURCE 1
| #define __EXTENSIONS__ 1
| #define HAVE_DLFCN_H 1
| #define LT_OBJDIR ".libs/"
| #define PACKAGE "nghttp2"
| #define VERSION "1.65.0"
| /* end confdefs.h.  */
| #include <ac_nonexistent.h>
configure:15631: checking for ld used by g++
configure:15699: result: /usr/bin/ld -m elf_x86_64
configure:15706: checking if the linker (/usr/bin/ld -m elf_x86_64) is GNU ld
configure:15722: result: yes
configure:15777: checking whether the g++ linker (/usr/bin/ld -m elf_x86_64) supports shared libraries
configure:16855: result: yes
configure:16891: g++ -c -g -O2  conftest.cpp >&5
configure:16894: $? = 0
configure:17375: checking for g++ option to produce PIC
configure:17383: result: -fPIC -DPIC
configure:17391: checking if g++ PIC flag -fPIC -DPIC works
configure:17410: g++ -c -g -O2  -fPIC -DPIC -DPIC conftest.cpp >&5
configure:17414: $? = 0
configure:17427: result: yes
configure:17450: checking if g++ static flag -static works
configure:17479: result: yes
configure:17491: checking if g++ supports -c -o file.o
configure:17513: g++ -c -g -O2  -o out/conftest2.o conftest.cpp >&5
configure:17517: $? = 0
configure:17539: result: yes
configure:17544: checking if g++ supports -c -o file.o
configure:17592: result: yes
configure:17622: checking whether the g++ linker (/usr/bin/ld -m elf_x86_64) supports shared libraries
configure:17665: result: yes
configure:17807: checking dynamic linker characteristics
configure:18567: result: GNU/Linux ld.so
configure:18632: checking how to hardcode library paths into programs
configure:18657: result: immediate
configure:18699: checking dependency style of g++
configure:18811: result: gcc3
configure:18831: checking how to run the C preprocessor
configure:18857: gcc -E  conftest.c
configure:18857: $? = 0
configure:18872: gcc -E  conftest.c
conftest.c:40:10: fatal error: ac_nonexistent.h: No such file or directory
   40 | #include <ac_nonexistent.h>
      |          ^~~~~~~~~~~~~~~~~~
compilation terminated.
configure:18872: $? = 1
configure: failed program was:
| /* confdefs.h */
| #define PACKAGE_NAME "nghttp2"
| #define PACKAGE_TARNAME "nghttp2"
| #define PACKAGE_VERSION "1.65.0"
| #define PACKAGE_STRING "nghttp2 1.65.0"
| #define PACKAGE_BUGREPORT "t-tujikawa@users.sourceforge.net"
| #define PACKAGE_URL ""
| #define HAVE_STDIO_H 1
| #define HAVE_STDLIB_H 1
| #define HAVE_STRING_H 1
| #define HAVE_INTTYPES_H 1
| #define HAVE_STDINT_H 1
| #define HAVE_STRINGS_H 1
| #define HAVE_SYS_STAT_H 1
| #define HAVE_SYS_TYPES_H 1
| #define HAVE_UNISTD_H 1
| #define HAVE_WCHAR_H 1
| #define STDC_HEADERS 1
| #define _ALL_SOURCE 1
| #define _DARWIN_C_SOURCE 1
| #define _GNU_SOURCE 1
| #define _HPUX_ALT_XOPEN_SOCKET_API 1
| #define _NETBSD_SOURCE 1
| #define _OPENBSD_SOURCE 1
| #define _POSIX_PTHREAD_SEMANTICS 1
| #define __STDC_WANT_IEC_60559_ATTRIBS_EXT__ 1
| #define __STDC_WANT_IEC_60559_BFP_EXT__ 1
| #define __STDC_WANT_IEC_60559_DFP_EXT__ 1
| #define __STDC_WANT_IEC_60559_FUNCS_EXT__ 1
| #define __STDC_WANT_IEC_60559_TYPES_EXT__ 1
| #define __STDC_WANT_LIB_EXT2__ 1
| #define __STDC_WANT_MATH_SPEC_FUNCS__ 1
| #define _TANDEM_SOURCE 1
| #define __EXTENSIONS__ 1
| #define HAVE_DLFCN_H 1
| #define LT_OBJDIR ".libs/"
| #define PACKAGE "nghttp2"
| #define VERSION "1.65.0"
| /* end confdefs.h.  */
| #include <ac_nonexistent.h>
configure:18899: result: gcc -E
configure:18913: gcc -E  conftest.c
configure:18913: $? = 0
configure:18928: gcc -E  conftest.c
conftest.c:40:10: fatal error: ac_nonexistent.h: No such file or directory
   40 | #include <ac_nonexistent.h>
      |          ^~~~~~~~~~~~~~~~~~
compilation terminated.
configure:18928: $? = 1
configure: failed program was:
| /* confdefs.h */
| #define PACKAGE_NAME "nghttp2"
| #define PACKAGE_TARNAME "nghttp2"
| #define PACKAGE_VERSION "1.65.0"
| #define PACKAGE_STRING "nghttp2 1.65.0"
| #define PACKAGE_BUGREPORT "t-tujikawa@users.sourceforge.net"
| #define PACKAGE_URL ""
| #define HAVE_STDIO_H 1
| #define HAVE_STDLIB_H 1
| #define HAVE_STRING_H 1
| #define HAVE_INTTYPES_H 1
| #define HAVE_STDINT_H 1
| #define HAVE_STRINGS_H 1
| #define HAVE_SYS_STAT_H 1
| #define HAVE_SYS_TYPES_H 1
| #define HAVE_UNISTD_H 1
| #define HAVE_WCHAR_H 1
| #define STDC_HEADERS 1
| #define _ALL_SOURCE 1
| #define _DARWIN_C_SOURCE 1
| #define _GNU_SOURCE 1
| #define _HPUX_ALT_XOPEN_SOCKET_API 1
| #define _NETBSD_SOURCE 1
| #define _OPENBSD_SOURCE 1
| #define _POSIX_PTHREAD_SEMANTICS 1
| #define __STDC_WANT_IEC_60559_ATTRIBS_EXT__ 1
| #define __STDC_WANT_IEC_60559_BFP_EXT__ 1
| #define __STDC_WANT_IEC_60559_DFP_EXT__ 1
| #define __STDC_WANT_IEC_60559_FUNCS_EXT__ 1
| #define __STDC_WANT_IEC_60559_TYPES_EXT__ 1
| #define __STDC_WANT_LIB_EXT2__ 1
| #define __STDC_WANT_MATH_SPEC_FUNCS__ 1
| #define _TANDEM_SOURCE 1
| #define __EXTENSIONS__ 1
| #define HAVE_DLFCN_H 1
| #define LT_OBJDIR ".libs/"
| #define PACKAGE "nghttp2"
| #define VERSION "1.65.0"
| /* end confdefs.h.  */
| #include <ac_nonexistent.h>
configure:18959: checking whether ln -s works
configure:18963: result: yes
configure:18970: checking whether make sets $(MAKE)
configure:18993: result: yes
configure:19063: checking for pkg-config
configure:19086: found /usr/bin/pkg-config
configure:19098: result: /usr/bin/pkg-config
configure:19123: checking pkg-config is at least version 0.20
configure:19126: result: yes
configure:19171: checking for a Python interpreter with version >= 3.8
configure:19189: python -c import sys # split strings by '.' and convert to numeric. Append some zeros # because we need at least 4 digits for the hex conversion. # map returns an iterator in Python 3.0 and a list in 2.x minver = list(map(int, '3.8'.split('.'))) + [0, 0, 0] minverhex = 0 # xrange is not present in Python 3.0 and range returns an iterator for i in list(range(0, 4)): minverhex = (minverhex << 8) + minver[i] sys.exit(sys.hexversion < minverhex)
profiling:/home/kcope/Downloads/httpd-2.4.65/Python-2.7.18/Objects/bytes_methods.gcda:Cannot open
profiling:/home/kcope/Downloads/httpd-2.4.65/Python-2.7.18/Python/structmember.gcda:Cannot open
profiling:/home/kcope/Downloads/httpd-2.4.65/Python-2.7.18/Python/getcopyright.gcda:Cannot open
profiling:/home/kcope/Downloads/httpd-2.4.65/Python-2.7.18/Python/getcompiler.gcda:Cannot open
profiling:/home/kcope/Downloads/httpd-2.4.65/Python-2.7.18/Python/ast.gcda:Cannot open
profiling:/home/kcope/Downloads/httpd-2.4.65/Python-2.7.18/Python/asdl.gcda:Cannot open
profiling:/home/kcope/Downloads/httpd-2.4.65/Python-2.7.18/Python/Python-ast.gcda:Cannot open
profiling:/home/kcope/Downloads/httpd-2.4.65/Python-2.7.18/Objects/methodobject.gcda:Cannot open
profiling:/home/kcope/Downloads/httpd-2.4.65/Python-2.7.18/Objects/memoryobject.gcda:Cannot open
profiling:/home/kcope/Downloads/httpd-2.4.65/Python-2.7.18/Objects/funcobject.gcda:Cannot open
profiling:/home/kcope/Downloads/httpd-2.4.65/Python-2.7.18/Objects/frameobject.gcda:Cannot open
profiling:/home/kcope/Downloads/httpd-2.4.65/Python-2.7.18/Objects/genobject.gcda:Cannot open
profiling:/home/kcope/Downloads/httpd-2.4.65/Python-2.7.18/Objects/enumobject.gcda:Cannot open
profiling:/home/kcope/Downloads/httpd-2.4.65/Python-2.7.18/Objects/descrobject.gcda:Cannot open
profiling:/home/kcope/Downloads/httpd-2.4.65/Python-2.7.18/Objects/complexobject.gcda:Cannot open
profiling:/home/kcope/Downloads/httpd-2.4.65/Python-2.7.18/Objects/codeobject.gcda:Cannot open
profiling:/home/kcope/Downloads/httpd-2.4.65/Python-2.7.18/Objects/cobject.gcda:Cannot open
profiling:/home/kcope/Downloads/httpd-2.4.65/Python-2.7.18/Objects/cellobject.gcda:Cannot open
profiling:/home/kcope/Downloads/httpd-2.4.65/Python-2.7.18/Objects/capsule.gcda:Cannot open
profiling:/home/kcope/Downloads/httpd-2.4.65/Python-2.7.18/Objects/bytearrayobject.gcda:Cannot open
profiling:/home/kcope/Downloads/httpd-2.4.65/Python-2.7.18/Objects/bufferobject.gcda:Cannot open
profiling:/home/kcope/Downloads/httpd-2.4.65/Python-2.7.18/Objects/boolobject.gcda:Cannot open
profiling:/home/kcope/Downloads/httpd-2.4.65/Python-2.7.18/Parser/myreadline.gcda:Cannot open
profiling:/home/kcope/Downloads/httpd-2.4.65/Python-2.7.18/Parser/parser.gcda:Cannot open
profiling:/home/kcope/Downloads/httpd-2.4.65/Python-2.7.18/Parser/node.gcda:Cannot open
profiling:/home/kcope/Downloads/httpd-2.4.65/Python-2.7.18/Parser/grammar1.gcda:Cannot open
profiling:/home/kcope/Downloads/httpd-2.4.65/Python-2.7.18/Parser/acceler.gcda:Cannot open
profiling:/home/kcope/Downloads/httpd-2.4.65/Python-2.7.18/Modules/getbuildinfo.gcda:Cannot open
profiling:/home/kcope/Downloads/httpd-2.4.65/Python-2.7.18/Modules/xxsubtype.gcda:Cannot open
profiling:/home/kcope/Downloads/httpd-2.4.65/Python-2.7.18/Modules/symtablemodule.gcda:Cannot open
profiling:/home/kcope/Downloads/httpd-2.4.65/Python-2.7.18/Modules/zipimport.gcda:Cannot open
profiling:/home/kcope/Downloads/httpd-2.4.65/Python-2.7.18/Modules/_weakref.gcda:Cannot open
profiling:/home/kcope/Downloads/httpd-2.4.65/Python-2.7.18/Modules/_codecsmodule.gcda:Cannot open
profiling:/home/kcope/Downloads/httpd-2.4.65/Python-2.7.18/Modules/_sre.gcda:Cannot open
profiling:/home/kcope/Downloads/httpd-2.4.65/Python-2.7.18/Modules/pwdmodule.gcda:Cannot open
profiling:/home/kcope/Downloads/httpd-2.4.65/Python-2.7.18/Modules/errnomodule.gcda:Cannot open
profiling:/home/kcope/Downloads/httpd-2.4.65/Python-2.7.18/Modules/posixmodule.gcda:Cannot open
profiling:/home/kcope/Downloads/httpd-2.4.65/Python-2.7.18/Modules/signalmodule.gcda:Cannot open
profiling:/home/kcope/Downloads/httpd-2.4.65/Python-2.7.18/Modules/threadmodule.gcda:Cannot open
profiling:/home/kcope/Downloads/httpd-2.4.65/Python-2.7.18/Modules/gcmodule.gcda:Cannot open
profiling:/home/kcope/Downloads/httpd-2.4.65/Python-2.7.18/Modules/getpath.gcda:Cannot open
profiling:/home/kcope/Downloads/httpd-2.4.65/Python-2.7.18/Python/thread.gcda:Cannot open
profiling:/home/kcope/Downloads/httpd-2.4.65/Python-2.7.18/Python/dynload_shlib.gcda:Cannot open
profiling:/home/kcope/Downloads/httpd-2.4.65/Python-2.7.18/Python/formatter_string.gcda:Cannot open
profiling:/home/kcope/Downloads/httpd-2.4.65/Python-2.7.18/Python/formatter_unicode.gcda:Cannot open
profiling:/home/kcope/Downloads/httpd-2.4.65/Python-2.7.18/Python/dtoa.gcda:Cannot open
profiling:/home/kcope/Downloads/httpd-2.4.65/Python-2.7.18/Python/pystrtod.gcda:Cannot open
profiling:/home/kcope/Downloads/httpd-2.4.65/Python-2.7.18/Python/pystrcmp.gcda:Cannot open
profiling:/home/kcope/Downloads/httpd-2.4.65/Python-2.7.18/Python/getopt.gcda:Cannot open
profiling:/home/kcope/Downloads/httpd-2.4.65/Python-2.7.18/Python/traceback.gcda:Cannot open
profiling:/home/kcope/Downloads/httpd-2.4.65/Python-2.7.18/Python/sysmodule.gcda:Cannot open
profiling:/home/kcope/Downloads/httpd-2.4.65/Python-2.7.18/Python/symtable.gcda:Cannot open
profiling:/home/kcope/Downloads/httpd-2.4.65/Python-2.7.18/Python/random.gcda:Cannot open
profiling:/home/kcope/Downloads/httpd-2.4.65/Python-2.7.18/Python/pythonrun.gcda:Cannot open
profiling:/home/kcope/Downloads/httpd-2.4.65/Python-2.7.18/Python/pystate.gcda:Cannot open
profiling:/home/kcope/Downloads/httpd-2.4.65/Python-2.7.18/Python/pymath.gcda:Cannot open
profiling:/home/kcope/Downloads/httpd-2.4.65/Python-2.7.18/Python/pyarena.gcda:Cannot open
profiling:/home/kcope/Downloads/httpd-2.4.65/Python-2.7.18/Python/peephole.gcda:Cannot open
profiling:/home/kcope/Downloads/httpd-2.4.65/Python-2.7.18/Python/mysnprintf.gcda:Cannot open
profiling:/home/kcope/Downloads/httpd-2.4.65/Python-2.7.18/Python/mystrtoul.gcda:Cannot open
profiling:/home/kcope/Downloads/httpd-2.4.65/Python-2.7.18/Python/modsupport.gcda:Cannot open
profiling:/home/kcope/Downloads/httpd-2.4.65/Python-2.7.18/Python/marshal.gcda:Cannot open
profiling:/home/kcope/Downloads/httpd-2.4.65/Python-2.7.18/Python/importdl.gcda:Cannot open
profiling:/home/kcope/Downloads/httpd-2.4.65/Python-2.7.18/Python/import.gcda:Cannot open
profiling:/home/kcope/Downloads/httpd-2.4.65/Python-2.7.18/Python/getversion.gcda:Cannot open
profiling:/home/kcope/Downloads/httpd-2.4.65/Python-2.7.18/Python/getplatform.gcda:Cannot open
profiling:/home/kcope/Downloads/httpd-2.4.65/Python-2.7.18/Python/getargs.gcda:Cannot open
profiling:/home/kcope/Downloads/httpd-2.4.65/Python-2.7.18/Python/future.gcda:Cannot open
profiling:/home/kcope/Downloads/httpd-2.4.65/Python-2.7.18/Python/errors.gcda:Cannot open
profiling:/home/kcope/Downloads/httpd-2.4.65/Python-2.7.18/Python/codecs.gcda:Cannot open
profiling:/home/kcope/Downloads/httpd-2.4.65/Python-2.7.18/Python/compile.gcda:Cannot open
profiling:/home/kcope/Downloads/httpd-2.4.65/Python-2.7.18/Python/ceval.gcda:Cannot open
profiling:/home/kcope/Downloads/httpd-2.4.65/Python-2.7.18/Python/bltinmodule.gcda:Cannot open
profiling:/home/kcope/Downloads/httpd-2.4.65/Python-2.7.18/Python/_warnings.gcda:Cannot open
profiling:/home/kcope/Downloads/httpd-2.4.65/Python-2.7.18/Objects/unicodectype.gcda:Cannot open
profiling:/home/kcope/Downloads/httpd-2.4.65/Python-2.7.18/Objects/unicodeobject.gcda:Cannot open
profiling:/home/kcope/Downloads/httpd-2.4.65/Python-2.7.18/Objects/weakrefobject.gcda:Cannot open
profiling:/home/kcope/Downloads/httpd-2.4.65/Python-2.7.18/Objects/typeobject.gcda:Cannot open
profiling:/home/kcope/Downloads/httpd-2.4.65/Python-2.7.18/Objects/tupleobject.gcda:Cannot open
profiling:/home/kcope/Downloads/httpd-2.4.65/Python-2.7.18/Objects/structseq.gcda:Cannot open
profiling:/home/kcope/Downloads/httpd-2.4.65/Python-2.7.18/Objects/stringobject.gcda:Cannot open
profiling:/home/kcope/Downloads/httpd-2.4.65/Python-2.7.18/Objects/sliceobject.gcda:Cannot open
profiling:/home/kcope/Downloads/httpd-2.4.65/Python-2.7.18/Objects/setobject.gcda:Cannot open
profiling:/home/kcope/Downloads/httpd-2.4.65/Python-2.7.18/Objects/rangeobject.gcda:Cannot open
profiling:/home/kcope/Downloads/httpd-2.4.65/Python-2.7.18/Objects/obmalloc.gcda:Cannot open
profiling:/home/kcope/Downloads/httpd-2.4.65/Python-2.7.18/Objects/object.gcda:Cannot open
profiling:/home/kcope/Downloads/httpd-2.4.65/Python-2.7.18/Objects/moduleobject.gcda:Cannot open
profiling:/home/kcope/Downloads/httpd-2.4.65/Python-2.7.18/Objects/dictobject.gcda:Cannot open
profiling:/home/kcope/Downloads/httpd-2.4.65/Python-2.7.18/Objects/longobject.gcda:Cannot open
profiling:/home/kcope/Downloads/httpd-2.4.65/Python-2.7.18/Objects/listobject.gcda:Cannot open
profiling:/home/kcope/Downloads/httpd-2.4.65/Python-2.7.18/Objects/iterobject.gcda:Cannot open
profiling:/home/kcope/Downloads/httpd-2.4.65/Python-2.7.18/Objects/intobject.gcda:Cannot open
profiling:/home/kcope/Downloads/httpd-2.4.65/Python-2.7.18/Objects/floatobject.gcda:Cannot open
profiling:/home/kcope/Downloads/httpd-2.4.65/Python-2.7.18/Objects/fileobject.gcda:Cannot open
profiling:/home/kcope/Downloads/httpd-2.4.65/Python-2.7.18/Objects/exceptions.gcda:Cannot open
profiling:/home/kcope/Downloads/httpd-2.4.65/Python-2.7.18/Objects/classobject.gcda:Cannot open
profiling:/home/kcope/Downloads/httpd-2.4.65/Python-2.7.18/Objects/abstract.gcda:Cannot open
profiling:/home/kcope/Downloads/httpd-2.4.65/Python-2.7.18/Parser/tokenizer.gcda:Cannot open
profiling:/home/kcope/Downloads/httpd-2.4.65/Python-2.7.18/Parser/parsetok.gcda:Cannot open
profiling:/home/kcope/Downloads/httpd-2.4.65/Python-2.7.18/Modules/main.gcda:Cannot open
profiling:/home/kcope/Downloads/httpd-2.4.65/Python-2.7.18/Modules/python.gcda:Cannot open
configure:19192: $? = 1
configure:19189: python2 -c import sys # split strings by '.' and convert to numeric. Append some zeros # because we need at least 4 digits for the hex conversion. # map returns an iterator in Python 3.0 and a list in 2.x minver = list(map(int, '3.8'.split('.'))) + [0, 0, 0] minverhex = 0 # xrange is not present in Python 3.0 and range returns an iterator for i in list(range(0, 4)): minverhex = (minverhex << 8) + minver[i] sys.exit(sys.hexversion < minverhex)
profiling:/home/kcope/Downloads/httpd-2.4.65/Python-2.7.18/Objects/bytes_methods.gcda:Cannot open
profiling:/home/kcope/Downloads/httpd-2.4.65/Python-2.7.18/Python/structmember.gcda:Cannot open
profiling:/home/kcope/Downloads/httpd-2.4.65/Python-2.7.18/Python/getcopyright.gcda:Cannot open
profiling:/home/kcope/Downloads/httpd-2.4.65/Python-2.7.18/Python/getcompiler.gcda:Cannot open
profiling:/home/kcope/Downloads/httpd-2.4.65/Python-2.7.18/Python/ast.gcda:Cannot open
profiling:/home/kcope/Downloads/httpd-2.4.65/Python-2.7.18/Python/asdl.gcda:Cannot open
profiling:/home/kcope/Downloads/httpd-2.4.65/Python-2.7.18/Python/Python-ast.gcda:Cannot open
profiling:/home/kcope/Downloads/httpd-2.4.65/Python-2.7.18/Objects/methodobject.gcda:Cannot open
profiling:/home/kcope/Downloads/httpd-2.4.65/Python-2.7.18/Objects/memoryobject.gcda:Cannot open
profiling:/home/kcope/Downloads/httpd-2.4.65/Python-2.7.18/Objects/funcobject.gcda:Cannot open
profiling:/home/kcope/Downloads/httpd-2.4.65/Python-2.7.18/Objects/frameobject.gcda:Cannot open
profiling:/home/kcope/Downloads/httpd-2.4.65/Python-2.7.18/Objects/genobject.gcda:Cannot open
profiling:/home/kcope/Downloads/httpd-2.4.65/Python-2.7.18/Objects/enumobject.gcda:Cannot open
profiling:/home/kcope/Downloads/httpd-2.4.65/Python-2.7.18/Objects/descrobject.gcda:Cannot open
profiling:/home/kcope/Downloads/httpd-2.4.65/Python-2.7.18/Objects/complexobject.gcda:Cannot open
profiling:/home/kcope/Downloads/httpd-2.4.65/Python-2.7.18/Objects/codeobject.gcda:Cannot open
profiling:/home/kcope/Downloads/httpd-2.4.65/Python-2.7.18/Objects/cobject.gcda:Cannot open
profiling:/home/kcope/Downloads/httpd-2.4.65/Python-2.7.18/Objects/cellobject.gcda:Cannot open
profiling:/home/kcope/Downloads/httpd-2.4.65/Python-2.7.18/Objects/capsule.gcda:Cannot open
profiling:/home/kcope/Downloads/httpd-2.4.65/Python-2.7.18/Objects/bytearrayobject.gcda:Cannot open
profiling:/home/kcope/Downloads/httpd-2.4.65/Python-2.7.18/Objects/bufferobject.gcda:Cannot open
profiling:/home/kcope/Downloads/httpd-2.4.65/Python-2.7.18/Objects/boolobject.gcda:Cannot open
profiling:/home/kcope/Downloads/httpd-2.4.65/Python-2.7.18/Parser/myreadline.gcda:Cannot open
profiling:/home/kcope/Downloads/httpd-2.4.65/Python-2.7.18/Parser/parser.gcda:Cannot open
profiling:/home/kcope/Downloads/httpd-2.4.65/Python-2.7.18/Parser/node.gcda:Cannot open
profiling:/home/kcope/Downloads/httpd-2.4.65/Python-2.7.18/Parser/grammar1.gcda:Cannot open
profiling:/home/kcope/Downloads/httpd-2.4.65/Python-2.7.18/Parser/acceler.gcda:Cannot open
profiling:/home/kcope/Downloads/httpd-2.4.65/Python-2.7.18/Modules/getbuildinfo.gcda:Cannot open
profiling:/home/kcope/Downloads/httpd-2.4.65/Python-2.7.18/Modules/xxsubtype.gcda:Cannot open
profiling:/home/kcope/Downloads/httpd-2.4.65/Python-2.7.18/Modules/symtablemodule.gcda:Cannot open
profiling:/home/kcope/Downloads/httpd-2.4.65/Python-2.7.18/Modules/zipimport.gcda:Cannot open
profiling:/home/kcope/Downloads/httpd-2.4.65/Python-2.7.18/Modules/_weakref.gcda:Cannot open
profiling:/home/kcope/Downloads/httpd-2.4.65/Python-2.7.18/Modules/_codecsmodule.gcda:Cannot open
profiling:/home/kcope/Downloads/httpd-2.4.65/Python-2.7.18/Modules/_sre.gcda:Cannot open
profiling:/home/kcope/Downloads/httpd-2.4.65/Python-2.7.18/Modules/pwdmodule.gcda:Cannot open
profiling:/home/kcope/Downloads/httpd-2.4.65/Python-2.7.18/Modules/errnomodule.gcda:Cannot open
profiling:/home/kcope/Downloads/httpd-2.4.65/Python-2.7.18/Modules/posixmodule.gcda:Cannot open
profiling:/home/kcope/Downloads/httpd-2.4.65/Python-2.7.18/Modules/signalmodule.gcda:Cannot open
profiling:/home/kcope/Downloads/httpd-2.4.65/Python-2.7.18/Modules/threadmodule.gcda:Cannot open
profiling:/home/kcope/Downloads/httpd-2.4.65/Python-2.7.18/Modules/gcmodule.gcda:Cannot open
profiling:/home/kcope/Downloads/httpd-2.4.65/Python-2.7.18/Modules/getpath.gcda:Cannot open
profiling:/home/kcope/Downloads/httpd-2.4.65/Python-2.7.18/Python/thread.gcda:Cannot open
profiling:/home/kcope/Downloads/httpd-2.4.65/Python-2.7.18/Python/dynload_shlib.gcda:Cannot open
profiling:/home/kcope/Downloads/httpd-2.4.65/Python-2.7.18/Python/formatter_string.gcda:Cannot open
profiling:/home/kcope/Downloads/httpd-2.4.65/Python-2.7.18/Python/formatter_unicode.gcda:Cannot open
profiling:/home/kcope/Downloads/httpd-2.4.65/Python-2.7.18/Python/dtoa.gcda:Cannot open
profiling:/home/kcope/Downloads/httpd-2.4.65/Python-2.7.18/Python/pystrtod.gcda:Cannot open
profiling:/home/kcope/Downloads/httpd-2.4.65/Python-2.7.18/Python/pystrcmp.gcda:Cannot open
profiling:/home/kcope/Downloads/httpd-2.4.65/Python-2.7.18/Python/getopt.gcda:Cannot open
profiling:/home/kcope/Downloads/httpd-2.4.65/Python-2.7.18/Python/traceback.gcda:Cannot open
profiling:/home/kcope/Downloads/httpd-2.4.65/Python-2.7.18/Python/sysmodule.gcda:Cannot open
profiling:/home/kcope/Downloads/httpd-2.4.65/Python-2.7.18/Python/symtable.gcda:Cannot open
profiling:/home/kcope/Downloads/httpd-2.4.65/Python-2.7.18/Python/random.gcda:Cannot open
profiling:/home/kcope/Downloads/httpd-2.4.65/Python-2.7.18/Python/pythonrun.gcda:Cannot open
profiling:/home/kcope/Downloads/httpd-2.4.65/Python-2.7.18/Python/pystate.gcda:Cannot open
profiling:/home/kcope/Downloads/httpd-2.4.65/Python-2.7.18/Python/pymath.gcda:Cannot open
profiling:/home/kcope/Downloads/httpd-2.4.65/Python-2.7.18/Python/pyarena.gcda:Cannot open
profiling:/home/kcope/Downloads/httpd-2.4.65/Python-2.7.18/Python/peephole.gcda:Cannot open
profiling:/home/kcope/Downloads/httpd-2.4.65/Python-2.7.18/Python/mysnprintf.gcda:Cannot open
profiling:/home/kcope/Downloads/httpd-2.4.65/Python-2.7.18/Python/mystrtoul.gcda:Cannot open
profiling:/home/kcope/Downloads/httpd-2.4.65/Python-2.7.18/Python/modsupport.gcda:Cannot open
profiling:/home/kcope/Downloads/httpd-2.4.65/Python-2.7.18/Python/marshal.gcda:Cannot open
profiling:/home/kcope/Downloads/httpd-2.4.65/Python-2.7.18/Python/importdl.gcda:Cannot open
profiling:/home/kcope/Downloads/httpd-2.4.65/Python-2.7.18/Python/import.gcda:Cannot open
profiling:/home/kcope/Downloads/httpd-2.4.65/Python-2.7.18/Python/getversion.gcda:Cannot open
profiling:/home/kcope/Downloads/httpd-2.4.65/Python-2.7.18/Python/getplatform.gcda:Cannot open
profiling:/home/kcope/Downloads/httpd-2.4.65/Python-2.7.18/Python/getargs.gcda:Cannot open
profiling:/home/kcope/Downloads/httpd-2.4.65/Python-2.7.18/Python/future.gcda:Cannot open
profiling:/home/kcope/Downloads/httpd-2.4.65/Python-2.7.18/Python/errors.gcda:Cannot open
profiling:/home/kcope/Downloads/httpd-2.4.65/Python-2.7.18/Python/codecs.gcda:Cannot open
profiling:/home/kcope/Downloads/httpd-2.4.65/Python-2.7.18/Python/compile.gcda:Cannot open
profiling:/home/kcope/Downloads/httpd-2.4.65/Python-2.7.18/Python/ceval.gcda:Cannot open
profiling:/home/kcope/Downloads/httpd-2.4.65/Python-2.7.18/Python/bltinmodule.gcda:Cannot open
profiling:/home/kcope/Downloads/httpd-2.4.65/Python-2.7.18/Python/_warnings.gcda:Cannot open
profiling:/home/kcope/Downloads/httpd-2.4.65/Python-2.7.18/Objects/unicodectype.gcda:Cannot open
profiling:/home/kcope/Downloads/httpd-2.4.65/Python-2.7.18/Objects/unicodeobject.gcda:Cannot open
profiling:/home/kcope/Downloads/httpd-2.4.65/Python-2.7.18/Objects/weakrefobject.gcda:Cannot open
profiling:/home/kcope/Downloads/httpd-2.4.65/Python-2.7.18/Objects/typeobject.gcda:Cannot open
profiling:/home/kcope/Downloads/httpd-2.4.65/Python-2.7.18/Objects/tupleobject.gcda:Cannot open
profiling:/home/kcope/Downloads/httpd-2.4.65/Python-2.7.18/Objects/structseq.gcda:Cannot open
profiling:/home/kcope/Downloads/httpd-2.4.65/Python-2.7.18/Objects/stringobject.gcda:Cannot open
profiling:/home/kcope/Downloads/httpd-2.4.65/Python-2.7.18/Objects/sliceobject.gcda:Cannot open
profiling:/home/kcope/Downloads/httpd-2.4.65/Python-2.7.18/Objects/setobject.gcda:Cannot open
profiling:/home/kcope/Downloads/httpd-2.4.65/Python-2.7.18/Objects/rangeobject.gcda:Cannot open
profiling:/home/kcope/Downloads/httpd-2.4.65/Python-2.7.18/Objects/obmalloc.gcda:Cannot open
profiling:/home/kcope/Downloads/httpd-2.4.65/Python-2.7.18/Objects/object.gcda:Cannot open
profiling:/home/kcope/Downloads/httpd-2.4.65/Python-2.7.18/Objects/moduleobject.gcda:Cannot open
profiling:/home/kcope/Downloads/httpd-2.4.65/Python-2.7.18/Objects/dictobject.gcda:Cannot open
profiling:/home/kcope/Downloads/httpd-2.4.65/Python-2.7.18/Objects/longobject.gcda:Cannot open
profiling:/home/kcope/Downloads/httpd-2.4.65/Python-2.7.18/Objects/listobject.gcda:Cannot open
profiling:/home/kcope/Downloads/httpd-2.4.65/Python-2.7.18/Objects/iterobject.gcda:Cannot open
profiling:/home/kcope/Downloads/httpd-2.4.65/Python-2.7.18/Objects/intobject.gcda:Cannot open
profiling:/home/kcope/Downloads/httpd-2.4.65/Python-2.7.18/Objects/floatobject.gcda:Cannot open
profiling:/home/kcope/Downloads/httpd-2.4.65/Python-2.7.18/Objects/fileobject.gcda:Cannot open
profiling:/home/kcope/Downloads/httpd-2.4.65/Python-2.7.18/Objects/exceptions.gcda:Cannot open
profiling:/home/kcope/Downloads/httpd-2.4.65/Python-2.7.18/Objects/classobject.gcda:Cannot open
profiling:/home/kcope/Downloads/httpd-2.4.65/Python-2.7.18/Objects/abstract.gcda:Cannot open
profiling:/home/kcope/Downloads/httpd-2.4.65/Python-2.7.18/Parser/tokenizer.gcda:Cannot open
profiling:/home/kcope/Downloads/httpd-2.4.65/Python-2.7.18/Parser/parsetok.gcda:Cannot open
profiling:/home/kcope/Downloads/httpd-2.4.65/Python-2.7.18/Modules/main.gcda:Cannot open
profiling:/home/kcope/Downloads/httpd-2.4.65/Python-2.7.18/Modules/python.gcda:Cannot open
configure:19192: $? = 1
configure:19189: python3 -c import sys # split strings by '.' and convert to numeric. Append some zeros # because we need at least 4 digits for the hex conversion. # map returns an iterator in Python 3.0 and a list in 2.x minver = list(map(int, '3.8'.split('.'))) + [0, 0, 0] minverhex = 0 # xrange is not present in Python 3.0 and range returns an iterator for i in list(range(0, 4)): minverhex = (minverhex << 8) + minver[i] sys.exit(sys.hexversion < minverhex)
configure:19192: $? = 0
configure:19199: result: python3
configure:19207: checking for python3
configure:19230: found /usr/bin/python3
configure:19242: result: /usr/bin/python3
configure:19259: checking for python3 version
configure:19267: result: 3.12
configure:19272: checking for python3 platform
configure:19280: result: linux
configure:19341: checking for GNU default python3 prefix
configure:19343: result: ${prefix}
configure:19409: checking for GNU default python3 exec_prefix
configure:19411: result: ${exec_prefix}
configure:19442: checking for python3 script directory (pythondir)
configure:19484: result: ${PYTHON_PREFIX}/lib/python3.12/site-packages
configure:19492: checking for python3 extension module directory (pyexecdir)
configure:19534: result: ${PYTHON_EXEC_PREFIX}/lib/python3.12/site-packages
configure:19588: checking whether g++ supports C++20 features by default
configure:20413: g++ -c   conftest.cpp >&5
conftest.cpp:838:2: error: #error "This is not a C++20 compiler"
  838 | #error "This is not a C++20 compiler"
      |  ^~~~~
configure:20413: $? = 1
configure: failed program was:
| /* confdefs.h */
| #define PACKAGE_NAME "nghttp2"
| #define PACKAGE_TARNAME "nghttp2"
| #define PACKAGE_VERSION "1.65.0"
| #define PACKAGE_STRING "nghttp2 1.65.0"
| #define PACKAGE_BUGREPORT "t-tujikawa@users.sourceforge.net"
| #define PACKAGE_URL ""
| #define HAVE_STDIO_H 1
| #define HAVE_STDLIB_H 1
| #define HAVE_STRING_H 1
| #define HAVE_INTTYPES_H 1
| #define HAVE_STDINT_H 1
| #define HAVE_STRINGS_H 1
| #define HAVE_SYS_STAT_H 1
| #define HAVE_SYS_TYPES_H 1
| #define HAVE_UNISTD_H 1
| #define HAVE_WCHAR_H 1
| #define STDC_HEADERS 1
| #define _ALL_SOURCE 1
| #define _DARWIN_C_SOURCE 1
| #define _GNU_SOURCE 1
| #define _HPUX_ALT_XOPEN_SOCKET_API 1
| #define _NETBSD_SOURCE 1
| #define _OPENBSD_SOURCE 1
| #define _POSIX_PTHREAD_SEMANTICS 1
| #define __STDC_WANT_IEC_60559_ATTRIBS_EXT__ 1
| #define __STDC_WANT_IEC_60559_BFP_EXT__ 1
| #define __STDC_WANT_IEC_60559_DFP_EXT__ 1
| #define __STDC_WANT_IEC_60559_FUNCS_EXT__ 1
| #define __STDC_WANT_IEC_60559_TYPES_EXT__ 1
| #define __STDC_WANT_LIB_EXT2__ 1
| #define __STDC_WANT_MATH_SPEC_FUNCS__ 1
| #define _TANDEM_SOURCE 1
| #define __EXTENSIONS__ 1
| #define HAVE_DLFCN_H 1
| #define LT_OBJDIR ".libs/"
| #define PACKAGE "nghttp2"
| #define VERSION "1.65.0"
| #define NGHTTP2_NORETURN __attribute__((noreturn))
| /* end confdefs.h.  */
| 
| 
| // If the compiler admits that it is not ready for C++11, why torture it?
| // Hopefully, this will speed up the test.
| 
| #ifndef __cplusplus
| 
| #error "This is not a C++ compiler"
| 
| // MSVC always sets __cplusplus to 199711L in older versions; newer versions
| // only set it correctly if /Zc:__cplusplus is specified as well as a
| // /std:c++NN switch:
| // https://devblogs.microsoft.com/cppblog/msvc-now-correctly-reports-__cplusplus/
| #elif __cplusplus < 201103L && !defined _MSC_VER
| 
| #error "This is not a C++11 compiler"
| 
| #else
| 
| namespace cxx11
| {
| 
|   namespace test_static_assert
|   {
| 
|     template <typename T>
|     struct check
|     {
|       static_assert(sizeof(int) <= sizeof(T), "not big enough");
|     };
| 
|   }
| 
|   namespace test_final_override
|   {
| 
|     struct Base
|     {
|       virtual ~Base() {}
|       virtual void f() {}
|     };
| 
|     struct Derived : public Base
|     {
|       virtual ~Derived() override {}
|       virtual void f() override {}
|     };
| 
|   }
| 
|   namespace test_double_right_angle_brackets
|   {
| 
|     template < typename T >
|     struct check {};
| 
|     typedef check<void> single_type;
|     typedef check<check<void>> double_type;
|     typedef check<check<check<void>>> triple_type;
|     typedef check<check<check<check<void>>>> quadruple_type;
| 
|   }
| 
|   namespace test_decltype
|   {
| 
|     int
|     f()
|     {
|       int a = 1;
|       decltype(a) b = 2;
|       return a + b;
|     }
| 
|   }
| 
|   namespace test_type_deduction
|   {
| 
|     template < typename T1, typename T2 >
|     struct is_same
|     {
|       static const bool value = false;
|     };
| 
|     template < typename T >
|     struct is_same<T, T>
|     {
|       static const bool value = true;
|     };
| 
|     template < typename T1, typename T2 >
|     auto
|     add(T1 a1, T2 a2) -> decltype(a1 + a2)
|     {
|       return a1 + a2;
|     }
| 
|     int
|     test(const int c, volatile int v)
|     {
|       static_assert(is_same<int, decltype(0)>::value == true, "");
|       static_assert(is_same<int, decltype(c)>::value == false, "");
|       static_assert(is_same<int, decltype(v)>::value == false, "");
|       auto ac = c;
|       auto av = v;
|       auto sumi = ac + av + 'x';
|       auto sumf = ac + av + 1.0;
|       static_assert(is_same<int, decltype(ac)>::value == true, "");
|       static_assert(is_same<int, decltype(av)>::value == true, "");
|       static_assert(is_same<int, decltype(sumi)>::value == true, "");
|       static_assert(is_same<int, decltype(sumf)>::value == false, "");
|       static_assert(is_same<int, decltype(add(c, v))>::value == true, "");
|       return (sumf > 0.0) ? sumi : add(c, v);
|     }
| 
|   }
| 
|   namespace test_noexcept
|   {
| 
|     int f() { return 0; }
|     int g() noexcept { return 0; }
| 
|     static_assert(noexcept(f()) == false, "");
|     static_assert(noexcept(g()) == true, "");
| 
|   }
| 
|   namespace test_constexpr
|   {
| 
|     template < typename CharT >
|     unsigned long constexpr
|     strlen_c_r(const CharT *const s, const unsigned long acc) noexcept
|     {
|       return *s ? strlen_c_r(s + 1, acc + 1) : acc;
|     }
| 
|     template < typename CharT >
|     unsigned long constexpr
|     strlen_c(const CharT *const s) noexcept
|     {
|       return strlen_c_r(s, 0UL);
|     }
| 
|     static_assert(strlen_c("") == 0UL, "");
|     static_assert(strlen_c("1") == 1UL, "");
|     static_assert(strlen_c("example") == 7UL, "");
|     static_assert(strlen_c("another\0example") == 7UL, "");
| 
|   }
| 
|   namespace test_rvalue_references
|   {
| 
|     template < int N >
|     struct answer
|     {
|       static constexpr int value = N;
|     };
| 
|     answer<1> f(int&)       { return answer<1>(); }
|     answer<2> f(const int&) { return answer<2>(); }
|     answer<3> f(int&&)      { return answer<3>(); }
| 
|     void
|     test()
|     {
|       int i = 0;
|       const int c = 0;
|       static_assert(decltype(f(i))::value == 1, "");
|       static_assert(decltype(f(c))::value == 2, "");
|       static_assert(decltype(f(0))::value == 3, "");
|     }
| 
|   }
| 
|   namespace test_uniform_initialization
|   {
| 
|     struct test
|     {
|       static const int zero {};
|       static const int one {1};
|     };
| 
|     static_assert(test::zero == 0, "");
|     static_assert(test::one == 1, "");
| 
|   }
| 
|   namespace test_lambdas
|   {
| 
|     void
|     test1()
|     {
|       auto lambda1 = [](){};
|       auto lambda2 = lambda1;
|       lambda1();
|       lambda2();
|     }
| 
|     int
|     test2()
|     {
|       auto a = [](int i, int j){ return i + j; }(1, 2);
|       auto b = []() -> int { return '0'; }();
|       auto c = [=](){ return a + b; }();
|       auto d = [&](){ return c; }();
|       auto e = [a, &b](int x) mutable {
|         const auto identity = [](int y){ return y; };
|         for (auto i = 0; i < a; ++i)
|           a += b--;
|         return x + identity(a + b);
|       }(0);
|       return a + b + c + d + e;
|     }
| 
|     int
|     test3()
|     {
|       const auto nullary = [](){ return 0; };
|       const auto unary = [](int x){ return x; };
|       using nullary_t = decltype(nullary);
|       using unary_t = decltype(unary);
|       const auto higher1st = [](nullary_t f){ return f(); };
|       const auto higher2nd = [unary](nullary_t f1){
|         return [unary, f1](unary_t f2){ return f2(unary(f1())); };
|       };
|       return higher1st(nullary) + higher2nd(nullary)(unary);
|     }
| 
|   }
| 
|   namespace test_variadic_templates
|   {
| 
|     template <int...>
|     struct sum;
| 
|     template <int N0, int... N1toN>
|     struct sum<N0, N1toN...>
|     {
|       static constexpr auto value = N0 + sum<N1toN...>::value;
|     };
| 
|     template <>
|     struct sum<>
|     {
|       static constexpr auto value = 0;
|     };
| 
|     static_assert(sum<>::value == 0, "");
|     static_assert(sum<1>::value == 1, "");
|     static_assert(sum<23>::value == 23, "");
|     static_assert(sum<1, 2>::value == 3, "");
|     static_assert(sum<5, 5, 11>::value == 21, "");
|     static_assert(sum<2, 3, 5, 7, 11, 13>::value == 41, "");
| 
|   }
| 
|   // http://stackoverflow.com/questions/13728184/template-aliases-and-sfinae
|   // Clang 3.1 fails with headers of libstd++ 4.8.3 when using std::function
|   // because of this.
|   namespace test_template_alias_sfinae
|   {
| 
|     struct foo {};
| 
|     template<typename T>
|     using member = typename T::member_type;
| 
|     template<typename T>
|     void func(...) {}
| 
|     template<typename T>
|     void func(member<T>*) {}
| 
|     void test();
| 
|     void test() { func<foo>(0); }
| 
|   }
| 
| }  // namespace cxx11
| 
| #endif  // __cplusplus >= 201103L
| 
| 
| 
| 
| // If the compiler admits that it is not ready for C++14, why torture it?
| // Hopefully, this will speed up the test.
| 
| #ifndef __cplusplus
| 
| #error "This is not a C++ compiler"
| 
| #elif __cplusplus < 201402L && !defined _MSC_VER
| 
| #error "This is not a C++14 compiler"
| 
| #else
| 
| namespace cxx14
| {
| 
|   namespace test_polymorphic_lambdas
|   {
| 
|     int
|     test()
|     {
|       const auto lambda = [](auto&&... args){
|         const auto istiny = [](auto x){
|           return (sizeof(x) == 1UL) ? 1 : 0;
|         };
|         const int aretiny[] = { istiny(args)... };
|         return aretiny[0];
|       };
|       return lambda(1, 1L, 1.0f, '1');
|     }
| 
|   }
| 
|   namespace test_binary_literals
|   {
| 
|     constexpr auto ivii = 0b0000000000101010;
|     static_assert(ivii == 42, "wrong value");
| 
|   }
| 
|   namespace test_generalized_constexpr
|   {
| 
|     template < typename CharT >
|     constexpr unsigned long
|     strlen_c(const CharT *const s) noexcept
|     {
|       auto length = 0UL;
|       for (auto p = s; *p; ++p)
|         ++length;
|       return length;
|     }
| 
|     static_assert(strlen_c("") == 0UL, "");
|     static_assert(strlen_c("x") == 1UL, "");
|     static_assert(strlen_c("test") == 4UL, "");
|     static_assert(strlen_c("another\0test") == 7UL, "");
| 
|   }
| 
|   namespace test_lambda_init_capture
|   {
| 
|     int
|     test()
|     {
|       auto x = 0;
|       const auto lambda1 = [a = x](int b){ return a + b; };
|       const auto lambda2 = [a = lambda1(x)](){ return a; };
|       return lambda2();
|     }
| 
|   }
| 
|   namespace test_digit_separators
|   {
| 
|     constexpr auto ten_million = 100'000'000;
|     static_assert(ten_million == 100000000, "");
| 
|   }
| 
|   namespace test_return_type_deduction
|   {
| 
|     auto f(int& x) { return x; }
|     decltype(auto) g(int& x) { return x; }
| 
|     template < typename T1, typename T2 >
|     struct is_same
|     {
|       static constexpr auto value = false;
|     };
| 
|     template < typename T >
|     struct is_same<T, T>
|     {
|       static constexpr auto value = true;
|     };
| 
|     int
|     test()
|     {
|       auto x = 0;
|       static_assert(is_same<int, decltype(f(x))>::value, "");
|       static_assert(is_same<int&, decltype(g(x))>::value, "");
|       return x;
|     }
| 
|   }
| 
| }  // namespace cxx14
| 
| #endif  // __cplusplus >= 201402L
| 
| 
| 
| 
| // If the compiler admits that it is not ready for C++17, why torture it?
| // Hopefully, this will speed up the test.
| 
| #ifndef __cplusplus
| 
| #error "This is not a C++ compiler"
| 
| #elif __cplusplus < 201703L && !defined _MSC_VER
| 
| #error "This is not a C++17 compiler"
| 
| #else
| 
| #include <initializer_list>
| #include <utility>
| #include <type_traits>
| 
| namespace cxx17
| {
| 
|   namespace test_constexpr_lambdas
|   {
| 
|     constexpr int foo = [](){return 42;}();
| 
|   }
| 
|   namespace test::nested_namespace::definitions
|   {
| 
|   }
| 
|   namespace test_fold_expression
|   {
| 
|     template<typename... Args>
|     int multiply(Args... args)
|     {
|       return (args * ... * 1);
|     }
| 
|     template<typename... Args>
|     bool all(Args... args)
|     {
|       return (args && ...);
|     }
| 
|   }
| 
|   namespace test_extended_static_assert
|   {
| 
|     static_assert (true);
| 
|   }
| 
|   namespace test_auto_brace_init_list
|   {
| 
|     auto foo = {5};
|     auto bar {5};
| 
|     static_assert(std::is_same<std::initializer_list<int>, decltype(foo)>::value);
|     static_assert(std::is_same<int, decltype(bar)>::value);
|   }
| 
|   namespace test_typename_in_template_template_parameter
|   {
| 
|     template<template<typename> typename X> struct D;
| 
|   }
| 
|   namespace test_fallthrough_nodiscard_maybe_unused_attributes
|   {
| 
|     int f1()
|     {
|       return 42;
|     }
| 
|     [[nodiscard]] int f2()
|     {
|       [[maybe_unused]] auto unused = f1();
| 
|       switch (f1())
|       {
|       case 17:
|         f1();
|         [[fallthrough]];
|       case 42:
|         f1();
|       }
|       return f1();
|     }
| 
|   }
| 
|   namespace test_extended_aggregate_initialization
|   {
| 
|     struct base1
|     {
|       int b1, b2 = 42;
|     };
| 
|     struct base2
|     {
|       base2() {
|         b3 = 42;
|       }
|       int b3;
|     };
| 
|     struct derived : base1, base2
|     {
|         int d;
|     };
| 
|     derived d1 {{1, 2}, {}, 4};  // full initialization
|     derived d2 {{}, {}, 4};      // value-initialized bases
| 
|   }
| 
|   namespace test_general_range_based_for_loop
|   {
| 
|     struct iter
|     {
|       int i;
| 
|       int& operator* ()
|       {
|         return i;
|       }
| 
|       const int& operator* () const
|       {
|         return i;
|       }
| 
|       iter& operator++()
|       {
|         ++i;
|         return *this;
|       }
|     };
| 
|     struct sentinel
|     {
|       int i;
|     };
| 
|     bool operator== (const iter& i, const sentinel& s)
|     {
|       return i.i == s.i;
|     }
| 
|     bool operator!= (const iter& i, const sentinel& s)
|     {
|       return !(i == s);
|     }
| 
|     struct range
|     {
|       iter begin() const
|       {
|         return {0};
|       }
| 
|       sentinel end() const
|       {
|         return {5};
|       }
|     };
| 
|     void f()
|     {
|       range r {};
| 
|       for (auto i : r)
|       {
|         [[maybe_unused]] auto v = i;
|       }
|     }
| 
|   }
| 
|   namespace test_lambda_capture_asterisk_this_by_value
|   {
| 
|     struct t
|     {
|       int i;
|       int foo()
|       {
|         return [*this]()
|         {
|           return i;
|         }();
|       }
|     };
| 
|   }
| 
|   namespace test_enum_class_construction
|   {
| 
|     enum class byte : unsigned char
|     {};
| 
|     byte foo {42};
| 
|   }
| 
|   namespace test_constexpr_if
|   {
| 
|     template <bool cond>
|     int f ()
|     {
|       if constexpr(cond)
|       {
|         return 13;
|       }
|       else
|       {
|         return 42;
|       }
|     }
| 
|   }
| 
|   namespace test_selection_statement_with_initializer
|   {
| 
|     int f()
|     {
|       return 13;
|     }
| 
|     int f2()
|     {
|       if (auto i = f(); i > 0)
|       {
|         return 3;
|       }
| 
|       switch (auto i = f(); i + 4)
|       {
|       case 17:
|         return 2;
| 
|       default:
|         return 1;
|       }
|     }
| 
|   }
| 
|   namespace test_template_argument_deduction_for_class_templates
|   {
| 
|     template <typename T1, typename T2>
|     struct pair
|     {
|       pair (T1 p1, T2 p2)
|         : m1 {p1},
|           m2 {p2}
|       {}
| 
|       T1 m1;
|       T2 m2;
|     };
| 
|     void f()
|     {
|       [[maybe_unused]] auto p = pair{13, 42u};
|     }
| 
|   }
| 
|   namespace test_non_type_auto_template_parameters
|   {
| 
|     template <auto n>
|     struct B
|     {};
| 
|     B<5> b1;
|     B<'a'> b2;
| 
|   }
| 
|   namespace test_structured_bindings
|   {
| 
|     int arr[2] = { 1, 2 };
|     std::pair<int, int> pr = { 1, 2 };
| 
|     auto f1() -> int(&)[2]
|     {
|       return arr;
|     }
| 
|     auto f2() -> std::pair<int, int>&
|     {
|       return pr;
|     }
| 
|     struct S
|     {
|       int x1 : 2;
|       volatile double y1;
|     };
| 
|     S f3()
|     {
|       return {};
|     }
| 
|     auto [ x1, y1 ] = f1();
|     auto& [ xr1, yr1 ] = f1();
|     auto [ x2, y2 ] = f2();
|     auto& [ xr2, yr2 ] = f2();
|     const auto [ x3, y3 ] = f3();
| 
|   }
| 
|   namespace test_exception_spec_type_system
|   {
| 
|     struct Good {};
|     struct Bad {};
| 
|     void g1() noexcept;
|     void g2();
| 
|     template<typename T>
|     Bad
|     f(T*, T*);
| 
|     template<typename T1, typename T2>
|     Good
|     f(T1*, T2*);
| 
|     static_assert (std::is_same_v<Good, decltype(f(g1, g2))>);
| 
|   }
| 
|   namespace test_inline_variables
|   {
| 
|     template<class T> void f(T)
|     {}
| 
|     template<class T> inline T g(T)
|     {
|       return T{};
|     }
| 
|     template<> inline void f<>(int)
|     {}
| 
|     template<> int g<>(int)
|     {
|       return 5;
|     }
| 
|   }
| 
| }  // namespace cxx17
| 
| #endif  // __cplusplus < 201703L && !defined _MSC_VER
| 
| 
| 
| 
| #ifndef __cplusplus
| 
| #error "This is not a C++ compiler"
| 
| #elif __cplusplus < 202002L && !defined _MSC_VER
| 
| #error "This is not a C++20 compiler"
| 
| #else
| 
| #include <version>
| 
| namespace cxx20
| {
| 
| // As C++20 supports feature test macros in the standard, there is no
| // immediate need to actually test for feature availability on the
| // Autoconf side.
| 
| }  // namespace cxx20
| 
| #endif  // __cplusplus < 202002L && !defined _MSC_VER
| 
| 
| 
configure:20421: result: no
configure:20431: checking whether g++ supports C++20 features with -std=gnu++20
configure:21258: g++ -std=gnu++20 -c   conftest.cpp >&5
conftest.cpp:140:36: warning: 'volatile'-qualified parameter is deprecated [-Wvolatile]
  140 |     test(const int c, volatile int v)
      |                       ~~~~~~~~~~~~~^
configure:21258: $? = 0
configure:21268: result: yes
configure:22182: checking whether std::future is available
configure:22201: g++ -std=gnu++20 -c -g -O2   conftest.cpp >&5
configure:22201: $? = 0
configure:22207: result: yes
configure:22217: checking whether std::map::emplace is available
configure:22234: g++ -std=gnu++20 -c -g -O2   conftest.cpp >&5
configure:22234: $? = 0
configure:22240: result: yes
configure:22250: checking whether std::atomic<std::shared_ptr<T>> is supported
configure:22270: g++ -std=gnu++20 -c -g -O2   conftest.cpp >&5
configure:22270: $? = 0
configure:22276: result: yes
configure:22286: checking whether thread_local storage class specifier is available.
configure:22302: g++ -std=gnu++20 -c -g -O2   conftest.cpp >&5
configure:22302: $? = 0
configure:22308: result: yes
configure:22452: checking for library containing dlopen
configure:22482: gcc -o conftest -g -O2   conftest.c  >&5
configure:22482: $? = 0
configure:22502: result: none required
configure:22777: checking for wolfssl >= 5.7.0
configure:22784: $PKG_CONFIG --exists --print-errors "wolfssl >= 5.7.0"
Package wolfssl was not found in the pkg-config search path.
Perhaps you should add the directory containing `wolfssl.pc'
to the PKG_CONFIG_PATH environment variable
Package 'wolfssl', required by 'virtual:world', not found
configure:22787: $? = 1
configure:22801: $PKG_CONFIG --exists --print-errors "wolfssl >= 5.7.0"
Package wolfssl was not found in the pkg-config search path.
Perhaps you should add the directory containing `wolfssl.pc'
to the PKG_CONFIG_PATH environment variable
Package 'wolfssl', required by 'virtual:world', not found
configure:22804: $? = 1
configure:22818: result: no
Package 'wolfssl', required by 'virtual:world', not found
configure:22847: Package 'wolfssl', required by 'virtual:world', not found
configure:24432: checking whether to enable assertions
configure:24453: result: yes
configure:24456: checking for arpa/inet.h
configure:24456: gcc -c -g -O2  conftest.c >&5
configure:24456: $? = 0
configure:24456: result: yes
configure:24462: checking for fcntl.h
configure:24462: gcc -c -g -O2  conftest.c >&5
configure:24462: $? = 0
configure:24462: result: yes
configure:24468: checking for inttypes.h
configure:24468: result: yes
configure:24474: checking for limits.h
configure:24474: gcc -c -g -O2  conftest.c >&5
configure:24474: $? = 0
configure:24474: result: yes
configure:24480: checking for netdb.h
configure:24480: gcc -c -g -O2  conftest.c >&5
configure:24480: $? = 0
configure:24480: result: yes
configure:24486: checking for netinet/in.h
configure:24486: gcc -c -g -O2  conftest.c >&5
configure:24486: $? = 0
configure:24486: result: yes
configure:24492: checking for netinet/ip.h
configure:24492: gcc -c -g -O2  conftest.c >&5
configure:24492: $? = 0
configure:24492: result: yes
configure:24498: checking for pwd.h
configure:24498: gcc -c -g -O2  conftest.c >&5
configure:24498: $? = 0
configure:24498: result: yes
configure:24504: checking for stddef.h
configure:24504: gcc -c -g -O2  conftest.c >&5
configure:24504: $? = 0
configure:24504: result: yes
configure:24510: checking for stdint.h
configure:24510: result: yes
configure:24516: checking for stdlib.h
configure:24516: result: yes
configure:24522: checking for string.h
configure:24522: result: yes
configure:24528: checking for sys/socket.h
configure:24528: gcc -c -g -O2  conftest.c >&5
configure:24528: $? = 0
configure:24528: result: yes
configure:24534: checking for sys/time.h
configure:24534: gcc -c -g -O2  conftest.c >&5
configure:24534: $? = 0
configure:24534: result: yes
configure:24540: checking for syslog.h
configure:24540: gcc -c -g -O2  conftest.c >&5
configure:24540: $? = 0
configure:24540: result: yes
configure:24546: checking for unistd.h
configure:24546: result: yes
configure:24552: checking for windows.h
configure:24552: gcc -c -g -O2  conftest.c >&5
conftest.c:90:10: fatal error: windows.h: No such file or directory
   90 | #include <windows.h>
      |          ^~~~~~~~~~~
compilation terminated.
configure:24552: $? = 1
configure: failed program was:
| /* confdefs.h */
| #define PACKAGE_NAME "nghttp2"
| #define PACKAGE_TARNAME "nghttp2"
| #define PACKAGE_VERSION "1.65.0"
| #define PACKAGE_STRING "nghttp2 1.65.0"
| #define PACKAGE_BUGREPORT "t-tujikawa@users.sourceforge.net"
| #define PACKAGE_URL ""
| #define HAVE_STDIO_H 1
| #define HAVE_STDLIB_H 1
| #define HAVE_STRING_H 1
| #define HAVE_INTTYPES_H 1
| #define HAVE_STDINT_H 1
| #define HAVE_STRINGS_H 1
| #define HAVE_SYS_STAT_H 1
| #define HAVE_SYS_TYPES_H 1
| #define HAVE_UNISTD_H 1
| #define HAVE_WCHAR_H 1
| #define STDC_HEADERS 1
| #define _ALL_SOURCE 1
| #define _DARWIN_C_SOURCE 1
| #define _GNU_SOURCE 1
| #define _HPUX_ALT_XOPEN_SOCKET_API 1
| #define _NETBSD_SOURCE 1
| #define _OPENBSD_SOURCE 1
| #define _POSIX_PTHREAD_SEMANTICS 1
| #define __STDC_WANT_IEC_60559_ATTRIBS_EXT__ 1
| #define __STDC_WANT_IEC_60559_BFP_EXT__ 1
| #define __STDC_WANT_IEC_60559_DFP_EXT__ 1
| #define __STDC_WANT_IEC_60559_FUNCS_EXT__ 1
| #define __STDC_WANT_IEC_60559_TYPES_EXT__ 1
| #define __STDC_WANT_LIB_EXT2__ 1
| #define __STDC_WANT_MATH_SPEC_FUNCS__ 1
| #define _TANDEM_SOURCE 1
| #define __EXTENSIONS__ 1
| #define HAVE_DLFCN_H 1
| #define LT_OBJDIR ".libs/"
| #define PACKAGE "nghttp2"
| #define VERSION "1.65.0"
| #define NGHTTP2_NORETURN __attribute__((noreturn))
| #define HAVE_CXX20 1
| #define HAVE_STD_FUTURE 1
| #define HAVE_STD_MAP_EMPLACE 1
| #define HAVE_ATOMIC_STD_SHARED_PTR 1
| #define HAVE_THREAD_LOCAL 1
| #define HAVE_ARPA_INET_H 1
| #define HAVE_FCNTL_H 1
| #define HAVE_INTTYPES_H 1
| #define HAVE_LIMITS_H 1
| #define HAVE_NETDB_H 1
| #define HAVE_NETINET_IN_H 1
| #define HAVE_NETINET_IP_H 1
| #define HAVE_PWD_H 1
| #define HAVE_STDDEF_H 1
| #define HAVE_STDINT_H 1
| #define HAVE_STDLIB_H 1
| #define HAVE_STRING_H 1
| #define HAVE_SYS_SOCKET_H 1
| #define HAVE_SYS_TIME_H 1
| #define HAVE_SYSLOG_H 1
| #define HAVE_UNISTD_H 1
| /* end confdefs.h.  */
| #include <stddef.h>
| #ifdef HAVE_STDIO_H
| # include <stdio.h>
| #endif
| #ifdef HAVE_STDLIB_H
| # include <stdlib.h>
| #endif
| #ifdef HAVE_STRING_H
| # include <string.h>
| #endif
| #ifdef HAVE_INTTYPES_H
| # include <inttypes.h>
| #endif
| #ifdef HAVE_STDINT_H
| # include <stdint.h>
| #endif
| #ifdef HAVE_STRINGS_H
| # include <strings.h>
| #endif
| #ifdef HAVE_SYS_TYPES_H
| # include <sys/types.h>
| #endif
| #ifdef HAVE_SYS_STAT_H
| # include <sys/stat.h>
| #endif
| #ifdef HAVE_UNISTD_H
| # include <unistd.h>
| #endif
| #include <windows.h>
configure:24552: result: no
configure:24561: checking for size_t
configure:24561: gcc -c -g -O2  conftest.c >&5
configure:24561: $? = 0
configure:24561: gcc -c -g -O2  conftest.c >&5
conftest.c: In function 'main':
conftest.c:93:21: error: expected expression before ')' token
   93 | if (sizeof ((size_t)))
      |                     ^
configure:24561: $? = 1
configure: failed program was:
| /* confdefs.h */
| #define PACKAGE_NAME "nghttp2"
| #define PACKAGE_TARNAME "nghttp2"
| #define PACKAGE_VERSION "1.65.0"
| #define PACKAGE_STRING "nghttp2 1.65.0"
| #define PACKAGE_BUGREPORT "t-tujikawa@users.sourceforge.net"
| #define PACKAGE_URL ""
| #define HAVE_STDIO_H 1
| #define HAVE_STDLIB_H 1
| #define HAVE_STRING_H 1
| #define HAVE_INTTYPES_H 1
| #define HAVE_STDINT_H 1
| #define HAVE_STRINGS_H 1
| #define HAVE_SYS_STAT_H 1
| #define HAVE_SYS_TYPES_H 1
| #define HAVE_UNISTD_H 1
| #define HAVE_WCHAR_H 1
| #define STDC_HEADERS 1
| #define _ALL_SOURCE 1
| #define _DARWIN_C_SOURCE 1
| #define _GNU_SOURCE 1
| #define _HPUX_ALT_XOPEN_SOCKET_API 1
| #define _NETBSD_SOURCE 1
| #define _OPENBSD_SOURCE 1
| #define _POSIX_PTHREAD_SEMANTICS 1
| #define __STDC_WANT_IEC_60559_ATTRIBS_EXT__ 1
| #define __STDC_WANT_IEC_60559_BFP_EXT__ 1
| #define __STDC_WANT_IEC_60559_DFP_EXT__ 1
| #define __STDC_WANT_IEC_60559_FUNCS_EXT__ 1
| #define __STDC_WANT_IEC_60559_TYPES_EXT__ 1
| #define __STDC_WANT_LIB_EXT2__ 1
| #define __STDC_WANT_MATH_SPEC_FUNCS__ 1
| #define _TANDEM_SOURCE 1
| #define __EXTENSIONS__ 1
| #define HAVE_DLFCN_H 1
| #define LT_OBJDIR ".libs/"
| #define PACKAGE "nghttp2"
| #define VERSION "1.65.0"
| #define NGHTTP2_NORETURN __attribute__((noreturn))
| #define HAVE_CXX20 1
| #define HAVE_STD_FUTURE 1
| #define HAVE_STD_MAP_EMPLACE 1
| #define HAVE_ATOMIC_STD_SHARED_PTR 1
| #define HAVE_THREAD_LOCAL 1
| #define HAVE_ARPA_INET_H 1
| #define HAVE_FCNTL_H 1
| #define HAVE_INTTYPES_H 1
| #define HAVE_LIMITS_H 1
| #define HAVE_NETDB_H 1
| #define HAVE_NETINET_IN_H 1
| #define HAVE_NETINET_IP_H 1
| #define HAVE_PWD_H 1
| #define HAVE_STDDEF_H 1
| #define HAVE_STDINT_H 1
| #define HAVE_STDLIB_H 1
| #define HAVE_STRING_H 1
| #define HAVE_SYS_SOCKET_H 1
| #define HAVE_SYS_TIME_H 1
| #define HAVE_SYSLOG_H 1
| #define HAVE_UNISTD_H 1
| /* end confdefs.h.  */
| #include <stddef.h>
| #ifdef HAVE_STDIO_H
| # include <stdio.h>
| #endif
| #ifdef HAVE_STDLIB_H
| # include <stdlib.h>
| #endif
| #ifdef HAVE_STRING_H
| # include <string.h>
| #endif
| #ifdef HAVE_INTTYPES_H
| # include <inttypes.h>
| #endif
| #ifdef HAVE_STDINT_H
| # include <stdint.h>
| #endif
| #ifdef HAVE_STRINGS_H
| # include <strings.h>
| #endif
| #ifdef HAVE_SYS_TYPES_H
| # include <sys/types.h>
| #endif
| #ifdef HAVE_SYS_STAT_H
| # include <sys/stat.h>
| #endif
| #ifdef HAVE_UNISTD_H
| # include <unistd.h>
| #endif
| int
| main (void)
| {
| if (sizeof ((size_t)))
| 	    return 0;
|   ;
|   return 0;
| }
configure:24561: result: yes
configure:24571: checking for ssize_t
configure:24571: gcc -c -g -O2  conftest.c >&5
configure:24571: $? = 0
configure:24571: gcc -c -g -O2  conftest.c >&5
conftest.c: In function 'main':
conftest.c:93:22: error: expected expression before ')' token
   93 | if (sizeof ((ssize_t)))
      |                      ^
configure:24571: $? = 1
configure: failed program was:
| /* confdefs.h */
| #define PACKAGE_NAME "nghttp2"
| #define PACKAGE_TARNAME "nghttp2"
| #define PACKAGE_VERSION "1.65.0"
| #define PACKAGE_STRING "nghttp2 1.65.0"
| #define PACKAGE_BUGREPORT "t-tujikawa@users.sourceforge.net"
| #define PACKAGE_URL ""
| #define HAVE_STDIO_H 1
| #define HAVE_STDLIB_H 1
| #define HAVE_STRING_H 1
| #define HAVE_INTTYPES_H 1
| #define HAVE_STDINT_H 1
| #define HAVE_STRINGS_H 1
| #define HAVE_SYS_STAT_H 1
| #define HAVE_SYS_TYPES_H 1
| #define HAVE_UNISTD_H 1
| #define HAVE_WCHAR_H 1
| #define STDC_HEADERS 1
| #define _ALL_SOURCE 1
| #define _DARWIN_C_SOURCE 1
| #define _GNU_SOURCE 1
| #define _HPUX_ALT_XOPEN_SOCKET_API 1
| #define _NETBSD_SOURCE 1
| #define _OPENBSD_SOURCE 1
| #define _POSIX_PTHREAD_SEMANTICS 1
| #define __STDC_WANT_IEC_60559_ATTRIBS_EXT__ 1
| #define __STDC_WANT_IEC_60559_BFP_EXT__ 1
| #define __STDC_WANT_IEC_60559_DFP_EXT__ 1
| #define __STDC_WANT_IEC_60559_FUNCS_EXT__ 1
| #define __STDC_WANT_IEC_60559_TYPES_EXT__ 1
| #define __STDC_WANT_LIB_EXT2__ 1
| #define __STDC_WANT_MATH_SPEC_FUNCS__ 1
| #define _TANDEM_SOURCE 1
| #define __EXTENSIONS__ 1
| #define HAVE_DLFCN_H 1
| #define LT_OBJDIR ".libs/"
| #define PACKAGE "nghttp2"
| #define VERSION "1.65.0"
| #define NGHTTP2_NORETURN __attribute__((noreturn))
| #define HAVE_CXX20 1
| #define HAVE_STD_FUTURE 1
| #define HAVE_STD_MAP_EMPLACE 1
| #define HAVE_ATOMIC_STD_SHARED_PTR 1
| #define HAVE_THREAD_LOCAL 1
| #define HAVE_ARPA_INET_H 1
| #define HAVE_FCNTL_H 1
| #define HAVE_INTTYPES_H 1
| #define HAVE_LIMITS_H 1
| #define HAVE_NETDB_H 1
| #define HAVE_NETINET_IN_H 1
| #define HAVE_NETINET_IP_H 1
| #define HAVE_PWD_H 1
| #define HAVE_STDDEF_H 1
| #define HAVE_STDINT_H 1
| #define HAVE_STDLIB_H 1
| #define HAVE_STRING_H 1
| #define HAVE_SYS_SOCKET_H 1
| #define HAVE_SYS_TIME_H 1
| #define HAVE_SYSLOG_H 1
| #define HAVE_UNISTD_H 1
| /* end confdefs.h.  */
| #include <stddef.h>
| #ifdef HAVE_STDIO_H
| # include <stdio.h>
| #endif
| #ifdef HAVE_STDLIB_H
| # include <stdlib.h>
| #endif
| #ifdef HAVE_STRING_H
| # include <string.h>
| #endif
| #ifdef HAVE_INTTYPES_H
| # include <inttypes.h>
| #endif
| #ifdef HAVE_STDINT_H
| # include <stdint.h>
| #endif
| #ifdef HAVE_STRINGS_H
| # include <strings.h>
| #endif
| #ifdef HAVE_SYS_TYPES_H
| # include <sys/types.h>
| #endif
| #ifdef HAVE_SYS_STAT_H
| # include <sys/stat.h>
| #endif
| #ifdef HAVE_UNISTD_H
| # include <unistd.h>
| #endif
| int
| main (void)
| {
| if (sizeof ((ssize_t)))
| 	    return 0;
|   ;
|   return 0;
| }
configure:24571: result: yes
configure:24581: checking for uint8_t
configure:24581: gcc -c -g -O2  conftest.c >&5
configure:24581: $? = 0
configure:24581: result: yes
configure:24593: checking for uint16_t
configure:24593: gcc -c -g -O2  conftest.c >&5
configure:24593: $? = 0
configure:24593: result: yes
configure:24603: checking for uint32_t
configure:24603: gcc -c -g -O2  conftest.c >&5
configure:24603: $? = 0
configure:24603: result: yes
configure:24615: checking for uint64_t
configure:24615: gcc -c -g -O2  conftest.c >&5
configure:24615: $? = 0
configure:24615: result: yes
configure:24627: checking for int8_t
configure:24627: gcc -c -g -O2  conftest.c >&5
configure:24627: $? = 0
configure:24627: gcc -c -g -O2  conftest.c >&5
conftest.c: In function 'main':
conftest.c:94:12: error: size of array 'test_array' is negative
   94 | static int test_array [1 - 2 * !((int8_t) (((((int8_t) 1 << N) << N) - 1) * 2 + 1)
      |            ^~~~~~~~~~
configure:24627: $? = 1
configure: failed program was:
| /* confdefs.h */
| #define PACKAGE_NAME "nghttp2"
| #define PACKAGE_TARNAME "nghttp2"
| #define PACKAGE_VERSION "1.65.0"
| #define PACKAGE_STRING "nghttp2 1.65.0"
| #define PACKAGE_BUGREPORT "t-tujikawa@users.sourceforge.net"
| #define PACKAGE_URL ""
| #define HAVE_STDIO_H 1
| #define HAVE_STDLIB_H 1
| #define HAVE_STRING_H 1
| #define HAVE_INTTYPES_H 1
| #define HAVE_STDINT_H 1
| #define HAVE_STRINGS_H 1
| #define HAVE_SYS_STAT_H 1
| #define HAVE_SYS_TYPES_H 1
| #define HAVE_UNISTD_H 1
| #define HAVE_WCHAR_H 1
| #define STDC_HEADERS 1
| #define _ALL_SOURCE 1
| #define _DARWIN_C_SOURCE 1
| #define _GNU_SOURCE 1
| #define _HPUX_ALT_XOPEN_SOCKET_API 1
| #define _NETBSD_SOURCE 1
| #define _OPENBSD_SOURCE 1
| #define _POSIX_PTHREAD_SEMANTICS 1
| #define __STDC_WANT_IEC_60559_ATTRIBS_EXT__ 1
| #define __STDC_WANT_IEC_60559_BFP_EXT__ 1
| #define __STDC_WANT_IEC_60559_DFP_EXT__ 1
| #define __STDC_WANT_IEC_60559_FUNCS_EXT__ 1
| #define __STDC_WANT_IEC_60559_TYPES_EXT__ 1
| #define __STDC_WANT_LIB_EXT2__ 1
| #define __STDC_WANT_MATH_SPEC_FUNCS__ 1
| #define _TANDEM_SOURCE 1
| #define __EXTENSIONS__ 1
| #define HAVE_DLFCN_H 1
| #define LT_OBJDIR ".libs/"
| #define PACKAGE "nghttp2"
| #define VERSION "1.65.0"
| #define NGHTTP2_NORETURN __attribute__((noreturn))
| #define HAVE_CXX20 1
| #define HAVE_STD_FUTURE 1
| #define HAVE_STD_MAP_EMPLACE 1
| #define HAVE_ATOMIC_STD_SHARED_PTR 1
| #define HAVE_THREAD_LOCAL 1
| #define HAVE_ARPA_INET_H 1
| #define HAVE_FCNTL_H 1
| #define HAVE_INTTYPES_H 1
| #define HAVE_LIMITS_H 1
| #define HAVE_NETDB_H 1
| #define HAVE_NETINET_IN_H 1
| #define HAVE_NETINET_IP_H 1
| #define HAVE_PWD_H 1
| #define HAVE_STDDEF_H 1
| #define HAVE_STDINT_H 1
| #define HAVE_STDLIB_H 1
| #define HAVE_STRING_H 1
| #define HAVE_SYS_SOCKET_H 1
| #define HAVE_SYS_TIME_H 1
| #define HAVE_SYSLOG_H 1
| #define HAVE_UNISTD_H 1
| /* end confdefs.h.  */
| #include <stddef.h>
| #ifdef HAVE_STDIO_H
| # include <stdio.h>
| #endif
| #ifdef HAVE_STDLIB_H
| # include <stdlib.h>
| #endif
| #ifdef HAVE_STRING_H
| # include <string.h>
| #endif
| #ifdef HAVE_INTTYPES_H
| # include <inttypes.h>
| #endif
| #ifdef HAVE_STDINT_H
| # include <stdint.h>
| #endif
| #ifdef HAVE_STRINGS_H
| # include <strings.h>
| #endif
| #ifdef HAVE_SYS_TYPES_H
| # include <sys/types.h>
| #endif
| #ifdef HAVE_SYS_STAT_H
| # include <sys/stat.h>
| #endif
| #ifdef HAVE_UNISTD_H
| # include <unistd.h>
| #endif
| 	        enum { N = 8 / 2 - 1 };
| int
| main (void)
| {
| static int test_array [1 - 2 * !((int8_t) (((((int8_t) 1 << N) << N) - 1) * 2 + 1)
| 		 < (int8_t) (((((int8_t) 1 << N) << N) - 1) * 2 + 2))];
| test_array [0] = 0;
| return test_array [0];
| 
|   ;
|   return 0;
| }
configure:24627: result: yes
configure:24636: checking for int16_t
configure:24636: gcc -c -g -O2  conftest.c >&5
configure:24636: $? = 0
configure:24636: gcc -c -g -O2  conftest.c >&5
conftest.c: In function 'main':
conftest.c:94:12: error: size of array 'test_array' is negative
   94 | static int test_array [1 - 2 * !((int16_t) (((((int16_t) 1 << N) << N) - 1) * 2 + 1)
      |            ^~~~~~~~~~
configure:24636: $? = 1
configure: failed program was:
| /* confdefs.h */
| #define PACKAGE_NAME "nghttp2"
| #define PACKAGE_TARNAME "nghttp2"
| #define PACKAGE_VERSION "1.65.0"
| #define PACKAGE_STRING "nghttp2 1.65.0"
| #define PACKAGE_BUGREPORT "t-tujikawa@users.sourceforge.net"
| #define PACKAGE_URL ""
| #define HAVE_STDIO_H 1
| #define HAVE_STDLIB_H 1
| #define HAVE_STRING_H 1
| #define HAVE_INTTYPES_H 1
| #define HAVE_STDINT_H 1
| #define HAVE_STRINGS_H 1
| #define HAVE_SYS_STAT_H 1
| #define HAVE_SYS_TYPES_H 1
| #define HAVE_UNISTD_H 1
| #define HAVE_WCHAR_H 1
| #define STDC_HEADERS 1
| #define _ALL_SOURCE 1
| #define _DARWIN_C_SOURCE 1
| #define _GNU_SOURCE 1
| #define _HPUX_ALT_XOPEN_SOCKET_API 1
| #define _NETBSD_SOURCE 1
| #define _OPENBSD_SOURCE 1
| #define _POSIX_PTHREAD_SEMANTICS 1
| #define __STDC_WANT_IEC_60559_ATTRIBS_EXT__ 1
| #define __STDC_WANT_IEC_60559_BFP_EXT__ 1
| #define __STDC_WANT_IEC_60559_DFP_EXT__ 1
| #define __STDC_WANT_IEC_60559_FUNCS_EXT__ 1
| #define __STDC_WANT_IEC_60559_TYPES_EXT__ 1
| #define __STDC_WANT_LIB_EXT2__ 1
| #define __STDC_WANT_MATH_SPEC_FUNCS__ 1
| #define _TANDEM_SOURCE 1
| #define __EXTENSIONS__ 1
| #define HAVE_DLFCN_H 1
| #define LT_OBJDIR ".libs/"
| #define PACKAGE "nghttp2"
| #define VERSION "1.65.0"
| #define NGHTTP2_NORETURN __attribute__((noreturn))
| #define HAVE_CXX20 1
| #define HAVE_STD_FUTURE 1
| #define HAVE_STD_MAP_EMPLACE 1
| #define HAVE_ATOMIC_STD_SHARED_PTR 1
| #define HAVE_THREAD_LOCAL 1
| #define HAVE_ARPA_INET_H 1
| #define HAVE_FCNTL_H 1
| #define HAVE_INTTYPES_H 1
| #define HAVE_LIMITS_H 1
| #define HAVE_NETDB_H 1
| #define HAVE_NETINET_IN_H 1
| #define HAVE_NETINET_IP_H 1
| #define HAVE_PWD_H 1
| #define HAVE_STDDEF_H 1
| #define HAVE_STDINT_H 1
| #define HAVE_STDLIB_H 1
| #define HAVE_STRING_H 1
| #define HAVE_SYS_SOCKET_H 1
| #define HAVE_SYS_TIME_H 1
| #define HAVE_SYSLOG_H 1
| #define HAVE_UNISTD_H 1
| /* end confdefs.h.  */
| #include <stddef.h>
| #ifdef HAVE_STDIO_H
| # include <stdio.h>
| #endif
| #ifdef HAVE_STDLIB_H
| # include <stdlib.h>
| #endif
| #ifdef HAVE_STRING_H
| # include <string.h>
| #endif
| #ifdef HAVE_INTTYPES_H
| # include <inttypes.h>
| #endif
| #ifdef HAVE_STDINT_H
| # include <stdint.h>
| #endif
| #ifdef HAVE_STRINGS_H
| # include <strings.h>
| #endif
| #ifdef HAVE_SYS_TYPES_H
| # include <sys/types.h>
| #endif
| #ifdef HAVE_SYS_STAT_H
| # include <sys/stat.h>
| #endif
| #ifdef HAVE_UNISTD_H
| # include <unistd.h>
| #endif
| 	        enum { N = 16 / 2 - 1 };
| int
| main (void)
| {
| static int test_array [1 - 2 * !((int16_t) (((((int16_t) 1 << N) << N) - 1) * 2 + 1)
| 		 < (int16_t) (((((int16_t) 1 << N) << N) - 1) * 2 + 2))];
| test_array [0] = 0;
| return test_array [0];
| 
|   ;
|   return 0;
| }
configure:24636: result: yes
configure:24645: checking for int32_t
configure:24645: gcc -c -g -O2  conftest.c >&5
configure:24645: $? = 0
configure:24645: gcc -c -g -O2  conftest.c >&5
conftest.c: In function 'main':
conftest.c:95:67: warning: integer overflow in expression of type 'int' results in '-2147483648' [-Woverflow]
   95 |                  < (int32_t) (((((int32_t) 1 << N) << N) - 1) * 2 + 2))];
      |                                                                   ^
conftest.c:94:12: error: storage size of 'test_array' isn't constant
   94 | static int test_array [1 - 2 * !((int32_t) (((((int32_t) 1 << N) << N) - 1) * 2 + 1)
      |            ^~~~~~~~~~
configure:24645: $? = 1
configure: failed program was:
| /* confdefs.h */
| #define PACKAGE_NAME "nghttp2"
| #define PACKAGE_TARNAME "nghttp2"
| #define PACKAGE_VERSION "1.65.0"
| #define PACKAGE_STRING "nghttp2 1.65.0"
| #define PACKAGE_BUGREPORT "t-tujikawa@users.sourceforge.net"
| #define PACKAGE_URL ""
| #define HAVE_STDIO_H 1
| #define HAVE_STDLIB_H 1
| #define HAVE_STRING_H 1
| #define HAVE_INTTYPES_H 1
| #define HAVE_STDINT_H 1
| #define HAVE_STRINGS_H 1
| #define HAVE_SYS_STAT_H 1
| #define HAVE_SYS_TYPES_H 1
| #define HAVE_UNISTD_H 1
| #define HAVE_WCHAR_H 1
| #define STDC_HEADERS 1
| #define _ALL_SOURCE 1
| #define _DARWIN_C_SOURCE 1
| #define _GNU_SOURCE 1
| #define _HPUX_ALT_XOPEN_SOCKET_API 1
| #define _NETBSD_SOURCE 1
| #define _OPENBSD_SOURCE 1
| #define _POSIX_PTHREAD_SEMANTICS 1
| #define __STDC_WANT_IEC_60559_ATTRIBS_EXT__ 1
| #define __STDC_WANT_IEC_60559_BFP_EXT__ 1
| #define __STDC_WANT_IEC_60559_DFP_EXT__ 1
| #define __STDC_WANT_IEC_60559_FUNCS_EXT__ 1
| #define __STDC_WANT_IEC_60559_TYPES_EXT__ 1
| #define __STDC_WANT_LIB_EXT2__ 1
| #define __STDC_WANT_MATH_SPEC_FUNCS__ 1
| #define _TANDEM_SOURCE 1
| #define __EXTENSIONS__ 1
| #define HAVE_DLFCN_H 1
| #define LT_OBJDIR ".libs/"
| #define PACKAGE "nghttp2"
| #define VERSION "1.65.0"
| #define NGHTTP2_NORETURN __attribute__((noreturn))
| #define HAVE_CXX20 1
| #define HAVE_STD_FUTURE 1
| #define HAVE_STD_MAP_EMPLACE 1
| #define HAVE_ATOMIC_STD_SHARED_PTR 1
| #define HAVE_THREAD_LOCAL 1
| #define HAVE_ARPA_INET_H 1
| #define HAVE_FCNTL_H 1
| #define HAVE_INTTYPES_H 1
| #define HAVE_LIMITS_H 1
| #define HAVE_NETDB_H 1
| #define HAVE_NETINET_IN_H 1
| #define HAVE_NETINET_IP_H 1
| #define HAVE_PWD_H 1
| #define HAVE_STDDEF_H 1
| #define HAVE_STDINT_H 1
| #define HAVE_STDLIB_H 1
| #define HAVE_STRING_H 1
| #define HAVE_SYS_SOCKET_H 1
| #define HAVE_SYS_TIME_H 1
| #define HAVE_SYSLOG_H 1
| #define HAVE_UNISTD_H 1
| /* end confdefs.h.  */
| #include <stddef.h>
| #ifdef HAVE_STDIO_H
| # include <stdio.h>
| #endif
| #ifdef HAVE_STDLIB_H
| # include <stdlib.h>
| #endif
| #ifdef HAVE_STRING_H
| # include <string.h>
| #endif
| #ifdef HAVE_INTTYPES_H
| # include <inttypes.h>
| #endif
| #ifdef HAVE_STDINT_H
| # include <stdint.h>
| #endif
| #ifdef HAVE_STRINGS_H
| # include <strings.h>
| #endif
| #ifdef HAVE_SYS_TYPES_H
| # include <sys/types.h>
| #endif
| #ifdef HAVE_SYS_STAT_H
| # include <sys/stat.h>
| #endif
| #ifdef HAVE_UNISTD_H
| # include <unistd.h>
| #endif
| 	        enum { N = 32 / 2 - 1 };
| int
| main (void)
| {
| static int test_array [1 - 2 * !((int32_t) (((((int32_t) 1 << N) << N) - 1) * 2 + 1)
| 		 < (int32_t) (((((int32_t) 1 << N) << N) - 1) * 2 + 2))];
| test_array [0] = 0;
| return test_array [0];
| 
|   ;
|   return 0;
| }
configure:24645: result: yes
configure:24654: checking for int64_t
configure:24654: gcc -c -g -O2  conftest.c >&5
configure:24654: $? = 0
configure:24654: gcc -c -g -O2  conftest.c >&5
conftest.c: In function 'main':
conftest.c:95:67: warning: integer overflow in expression of type 'long int' results in '-9223372036854775808' [-Woverflow]
   95 |                  < (int64_t) (((((int64_t) 1 << N) << N) - 1) * 2 + 2))];
      |                                                                   ^
conftest.c:94:12: error: storage size of 'test_array' isn't constant
   94 | static int test_array [1 - 2 * !((int64_t) (((((int64_t) 1 << N) << N) - 1) * 2 + 1)
      |            ^~~~~~~~~~
configure:24654: $? = 1
configure: failed program was:
| /* confdefs.h */
| #define PACKAGE_NAME "nghttp2"
| #define PACKAGE_TARNAME "nghttp2"
| #define PACKAGE_VERSION "1.65.0"
| #define PACKAGE_STRING "nghttp2 1.65.0"
| #define PACKAGE_BUGREPORT "t-tujikawa@users.sourceforge.net"
| #define PACKAGE_URL ""
| #define HAVE_STDIO_H 1
| #define HAVE_STDLIB_H 1
| #define HAVE_STRING_H 1
| #define HAVE_INTTYPES_H 1
| #define HAVE_STDINT_H 1
| #define HAVE_STRINGS_H 1
| #define HAVE_SYS_STAT_H 1
| #define HAVE_SYS_TYPES_H 1
| #define HAVE_UNISTD_H 1
| #define HAVE_WCHAR_H 1
| #define STDC_HEADERS 1
| #define _ALL_SOURCE 1
| #define _DARWIN_C_SOURCE 1
| #define _GNU_SOURCE 1
| #define _HPUX_ALT_XOPEN_SOCKET_API 1
| #define _NETBSD_SOURCE 1
| #define _OPENBSD_SOURCE 1
| #define _POSIX_PTHREAD_SEMANTICS 1
| #define __STDC_WANT_IEC_60559_ATTRIBS_EXT__ 1
| #define __STDC_WANT_IEC_60559_BFP_EXT__ 1
| #define __STDC_WANT_IEC_60559_DFP_EXT__ 1
| #define __STDC_WANT_IEC_60559_FUNCS_EXT__ 1
| #define __STDC_WANT_IEC_60559_TYPES_EXT__ 1
| #define __STDC_WANT_LIB_EXT2__ 1
| #define __STDC_WANT_MATH_SPEC_FUNCS__ 1
| #define _TANDEM_SOURCE 1
| #define __EXTENSIONS__ 1
| #define HAVE_DLFCN_H 1
| #define LT_OBJDIR ".libs/"
| #define PACKAGE "nghttp2"
| #define VERSION "1.65.0"
| #define NGHTTP2_NORETURN __attribute__((noreturn))
| #define HAVE_CXX20 1
| #define HAVE_STD_FUTURE 1
| #define HAVE_STD_MAP_EMPLACE 1
| #define HAVE_ATOMIC_STD_SHARED_PTR 1
| #define HAVE_THREAD_LOCAL 1
| #define HAVE_ARPA_INET_H 1
| #define HAVE_FCNTL_H 1
| #define HAVE_INTTYPES_H 1
| #define HAVE_LIMITS_H 1
| #define HAVE_NETDB_H 1
| #define HAVE_NETINET_IN_H 1
| #define HAVE_NETINET_IP_H 1
| #define HAVE_PWD_H 1
| #define HAVE_STDDEF_H 1
| #define HAVE_STDINT_H 1
| #define HAVE_STDLIB_H 1
| #define HAVE_STRING_H 1
| #define HAVE_SYS_SOCKET_H 1
| #define HAVE_SYS_TIME_H 1
| #define HAVE_SYSLOG_H 1
| #define HAVE_UNISTD_H 1
| /* end confdefs.h.  */
| #include <stddef.h>
| #ifdef HAVE_STDIO_H
| # include <stdio.h>
| #endif
| #ifdef HAVE_STDLIB_H
| # include <stdlib.h>
| #endif
| #ifdef HAVE_STRING_H
| # include <string.h>
| #endif
| #ifdef HAVE_INTTYPES_H
| # include <inttypes.h>
| #endif
| #ifdef HAVE_STDINT_H
| # include <stdint.h>
| #endif
| #ifdef HAVE_STRINGS_H
| # include <strings.h>
| #endif
| #ifdef HAVE_SYS_TYPES_H
| # include <sys/types.h>
| #endif
| #ifdef HAVE_SYS_STAT_H
| # include <sys/stat.h>
| #endif
| #ifdef HAVE_UNISTD_H
| # include <unistd.h>
| #endif
| 	        enum { N = 64 / 2 - 1 };
| int
| main (void)
| {
| static int test_array [1 - 2 * !((int64_t) (((((int64_t) 1 << N) << N) - 1) * 2 + 1)
| 		 < (int64_t) (((((int64_t) 1 << N) << N) - 1) * 2 + 2))];
| test_array [0] = 0;
| return test_array [0];
| 
|   ;
|   return 0;
| }
configure:24654: result: yes
configure:24663: checking for off_t
configure:24663: gcc -c -g -O2  conftest.c >&5
configure:24663: $? = 0
configure:24663: gcc -c -g -O2  conftest.c >&5
conftest.c: In function 'main':
conftest.c:93:20: error: expected expression before ')' token
   93 | if (sizeof ((off_t)))
      |                    ^
configure:24663: $? = 1
configure: failed program was:
| /* confdefs.h */
| #define PACKAGE_NAME "nghttp2"
| #define PACKAGE_TARNAME "nghttp2"
| #define PACKAGE_VERSION "1.65.0"
| #define PACKAGE_STRING "nghttp2 1.65.0"
| #define PACKAGE_BUGREPORT "t-tujikawa@users.sourceforge.net"
| #define PACKAGE_URL ""
| #define HAVE_STDIO_H 1
| #define HAVE_STDLIB_H 1
| #define HAVE_STRING_H 1
| #define HAVE_INTTYPES_H 1
| #define HAVE_STDINT_H 1
| #define HAVE_STRINGS_H 1
| #define HAVE_SYS_STAT_H 1
| #define HAVE_SYS_TYPES_H 1
| #define HAVE_UNISTD_H 1
| #define HAVE_WCHAR_H 1
| #define STDC_HEADERS 1
| #define _ALL_SOURCE 1
| #define _DARWIN_C_SOURCE 1
| #define _GNU_SOURCE 1
| #define _HPUX_ALT_XOPEN_SOCKET_API 1
| #define _NETBSD_SOURCE 1
| #define _OPENBSD_SOURCE 1
| #define _POSIX_PTHREAD_SEMANTICS 1
| #define __STDC_WANT_IEC_60559_ATTRIBS_EXT__ 1
| #define __STDC_WANT_IEC_60559_BFP_EXT__ 1
| #define __STDC_WANT_IEC_60559_DFP_EXT__ 1
| #define __STDC_WANT_IEC_60559_FUNCS_EXT__ 1
| #define __STDC_WANT_IEC_60559_TYPES_EXT__ 1
| #define __STDC_WANT_LIB_EXT2__ 1
| #define __STDC_WANT_MATH_SPEC_FUNCS__ 1
| #define _TANDEM_SOURCE 1
| #define __EXTENSIONS__ 1
| #define HAVE_DLFCN_H 1
| #define LT_OBJDIR ".libs/"
| #define PACKAGE "nghttp2"
| #define VERSION "1.65.0"
| #define NGHTTP2_NORETURN __attribute__((noreturn))
| #define HAVE_CXX20 1
| #define HAVE_STD_FUTURE 1
| #define HAVE_STD_MAP_EMPLACE 1
| #define HAVE_ATOMIC_STD_SHARED_PTR 1
| #define HAVE_THREAD_LOCAL 1
| #define HAVE_ARPA_INET_H 1
| #define HAVE_FCNTL_H 1
| #define HAVE_INTTYPES_H 1
| #define HAVE_LIMITS_H 1
| #define HAVE_NETDB_H 1
| #define HAVE_NETINET_IN_H 1
| #define HAVE_NETINET_IP_H 1
| #define HAVE_PWD_H 1
| #define HAVE_STDDEF_H 1
| #define HAVE_STDINT_H 1
| #define HAVE_STDLIB_H 1
| #define HAVE_STRING_H 1
| #define HAVE_SYS_SOCKET_H 1
| #define HAVE_SYS_TIME_H 1
| #define HAVE_SYSLOG_H 1
| #define HAVE_UNISTD_H 1
| /* end confdefs.h.  */
| #include <stddef.h>
| #ifdef HAVE_STDIO_H
| # include <stdio.h>
| #endif
| #ifdef HAVE_STDLIB_H
| # include <stdlib.h>
| #endif
| #ifdef HAVE_STRING_H
| # include <string.h>
| #endif
| #ifdef HAVE_INTTYPES_H
| # include <inttypes.h>
| #endif
| #ifdef HAVE_STDINT_H
| # include <stdint.h>
| #endif
| #ifdef HAVE_STRINGS_H
| # include <strings.h>
| #endif
| #ifdef HAVE_SYS_TYPES_H
| # include <sys/types.h>
| #endif
| #ifdef HAVE_SYS_STAT_H
| # include <sys/stat.h>
| #endif
| #ifdef HAVE_UNISTD_H
| # include <unistd.h>
| #endif
| int
| main (void)
| {
| if (sizeof ((off_t)))
| 	    return 0;
|   ;
|   return 0;
| }
configure:24663: result: yes
configure:24674: checking for pid_t
configure:24674: gcc -c -g -O2  conftest.c >&5
configure:24674: $? = 0
configure:24674: gcc -c -g -O2  conftest.c >&5
conftest.c: In function 'main':
conftest.c:94:20: error: expected expression before ')' token
   94 | if (sizeof ((pid_t)))
      |                    ^
configure:24674: $? = 1
configure: failed program was:
| /* confdefs.h */
| #define PACKAGE_NAME "nghttp2"
| #define PACKAGE_TARNAME "nghttp2"
| #define PACKAGE_VERSION "1.65.0"
| #define PACKAGE_STRING "nghttp2 1.65.0"
| #define PACKAGE_BUGREPORT "t-tujikawa@users.sourceforge.net"
| #define PACKAGE_URL ""
| #define HAVE_STDIO_H 1
| #define HAVE_STDLIB_H 1
| #define HAVE_STRING_H 1
| #define HAVE_INTTYPES_H 1
| #define HAVE_STDINT_H 1
| #define HAVE_STRINGS_H 1
| #define HAVE_SYS_STAT_H 1
| #define HAVE_SYS_TYPES_H 1
| #define HAVE_UNISTD_H 1
| #define HAVE_WCHAR_H 1
| #define STDC_HEADERS 1
| #define _ALL_SOURCE 1
| #define _DARWIN_C_SOURCE 1
| #define _GNU_SOURCE 1
| #define _HPUX_ALT_XOPEN_SOCKET_API 1
| #define _NETBSD_SOURCE 1
| #define _OPENBSD_SOURCE 1
| #define _POSIX_PTHREAD_SEMANTICS 1
| #define __STDC_WANT_IEC_60559_ATTRIBS_EXT__ 1
| #define __STDC_WANT_IEC_60559_BFP_EXT__ 1
| #define __STDC_WANT_IEC_60559_DFP_EXT__ 1
| #define __STDC_WANT_IEC_60559_FUNCS_EXT__ 1
| #define __STDC_WANT_IEC_60559_TYPES_EXT__ 1
| #define __STDC_WANT_LIB_EXT2__ 1
| #define __STDC_WANT_MATH_SPEC_FUNCS__ 1
| #define _TANDEM_SOURCE 1
| #define __EXTENSIONS__ 1
| #define HAVE_DLFCN_H 1
| #define LT_OBJDIR ".libs/"
| #define PACKAGE "nghttp2"
| #define VERSION "1.65.0"
| #define NGHTTP2_NORETURN __attribute__((noreturn))
| #define HAVE_CXX20 1
| #define HAVE_STD_FUTURE 1
| #define HAVE_STD_MAP_EMPLACE 1
| #define HAVE_ATOMIC_STD_SHARED_PTR 1
| #define HAVE_THREAD_LOCAL 1
| #define HAVE_ARPA_INET_H 1
| #define HAVE_FCNTL_H 1
| #define HAVE_INTTYPES_H 1
| #define HAVE_LIMITS_H 1
| #define HAVE_NETDB_H 1
| #define HAVE_NETINET_IN_H 1
| #define HAVE_NETINET_IP_H 1
| #define HAVE_PWD_H 1
| #define HAVE_STDDEF_H 1
| #define HAVE_STDINT_H 1
| #define HAVE_STDLIB_H 1
| #define HAVE_STRING_H 1
| #define HAVE_SYS_SOCKET_H 1
| #define HAVE_SYS_TIME_H 1
| #define HAVE_SYSLOG_H 1
| #define HAVE_UNISTD_H 1
| /* end confdefs.h.  */
| #include <stddef.h>
| #ifdef HAVE_STDIO_H
| # include <stdio.h>
| #endif
| #ifdef HAVE_STDLIB_H
| # include <stdlib.h>
| #endif
| #ifdef HAVE_STRING_H
| # include <string.h>
| #endif
| #ifdef HAVE_INTTYPES_H
| # include <inttypes.h>
| #endif
| #ifdef HAVE_STDINT_H
| # include <stdint.h>
| #endif
| #ifdef HAVE_STRINGS_H
| # include <strings.h>
| #endif
| #ifdef HAVE_SYS_TYPES_H
| # include <sys/types.h>
| #endif
| #ifdef HAVE_SYS_STAT_H
| # include <sys/stat.h>
| #endif
| #ifdef HAVE_UNISTD_H
| # include <unistd.h>
| #endif
| 
| int
| main (void)
| {
| if (sizeof ((pid_t)))
| 	    return 0;
|   ;
|   return 0;
| }
configure:24674: result: yes
configure:24711: checking for uid_t in sys/types.h
configure:24732: result: yes
configure:24743: checking for ptrdiff_t
configure:24743: gcc -c -g -O2  conftest.c >&5
configure:24743: $? = 0
configure:24743: gcc -c -g -O2  conftest.c >&5
conftest.c: In function 'main':
conftest.c:93:24: error: expected expression before ')' token
   93 | if (sizeof ((ptrdiff_t)))
      |                        ^
configure:24743: $? = 1
configure: failed program was:
| /* confdefs.h */
| #define PACKAGE_NAME "nghttp2"
| #define PACKAGE_TARNAME "nghttp2"
| #define PACKAGE_VERSION "1.65.0"
| #define PACKAGE_STRING "nghttp2 1.65.0"
| #define PACKAGE_BUGREPORT "t-tujikawa@users.sourceforge.net"
| #define PACKAGE_URL ""
| #define HAVE_STDIO_H 1
| #define HAVE_STDLIB_H 1
| #define HAVE_STRING_H 1
| #define HAVE_INTTYPES_H 1
| #define HAVE_STDINT_H 1
| #define HAVE_STRINGS_H 1
| #define HAVE_SYS_STAT_H 1
| #define HAVE_SYS_TYPES_H 1
| #define HAVE_UNISTD_H 1
| #define HAVE_WCHAR_H 1
| #define STDC_HEADERS 1
| #define _ALL_SOURCE 1
| #define _DARWIN_C_SOURCE 1
| #define _GNU_SOURCE 1
| #define _HPUX_ALT_XOPEN_SOCKET_API 1
| #define _NETBSD_SOURCE 1
| #define _OPENBSD_SOURCE 1
| #define _POSIX_PTHREAD_SEMANTICS 1
| #define __STDC_WANT_IEC_60559_ATTRIBS_EXT__ 1
| #define __STDC_WANT_IEC_60559_BFP_EXT__ 1
| #define __STDC_WANT_IEC_60559_DFP_EXT__ 1
| #define __STDC_WANT_IEC_60559_FUNCS_EXT__ 1
| #define __STDC_WANT_IEC_60559_TYPES_EXT__ 1
| #define __STDC_WANT_LIB_EXT2__ 1
| #define __STDC_WANT_MATH_SPEC_FUNCS__ 1
| #define _TANDEM_SOURCE 1
| #define __EXTENSIONS__ 1
| #define HAVE_DLFCN_H 1
| #define LT_OBJDIR ".libs/"
| #define PACKAGE "nghttp2"
| #define VERSION "1.65.0"
| #define NGHTTP2_NORETURN __attribute__((noreturn))
| #define HAVE_CXX20 1
| #define HAVE_STD_FUTURE 1
| #define HAVE_STD_MAP_EMPLACE 1
| #define HAVE_ATOMIC_STD_SHARED_PTR 1
| #define HAVE_THREAD_LOCAL 1
| #define HAVE_ARPA_INET_H 1
| #define HAVE_FCNTL_H 1
| #define HAVE_INTTYPES_H 1
| #define HAVE_LIMITS_H 1
| #define HAVE_NETDB_H 1
| #define HAVE_NETINET_IN_H 1
| #define HAVE_NETINET_IP_H 1
| #define HAVE_PWD_H 1
| #define HAVE_STDDEF_H 1
| #define HAVE_STDINT_H 1
| #define HAVE_STDLIB_H 1
| #define HAVE_STRING_H 1
| #define HAVE_SYS_SOCKET_H 1
| #define HAVE_SYS_TIME_H 1
| #define HAVE_SYSLOG_H 1
| #define HAVE_UNISTD_H 1
| /* end confdefs.h.  */
| #include <stddef.h>
| #ifdef HAVE_STDIO_H
| # include <stdio.h>
| #endif
| #ifdef HAVE_STDLIB_H
| # include <stdlib.h>
| #endif
| #ifdef HAVE_STRING_H
| # include <string.h>
| #endif
| #ifdef HAVE_INTTYPES_H
| # include <inttypes.h>
| #endif
| #ifdef HAVE_STDINT_H
| # include <stdint.h>
| #endif
| #ifdef HAVE_STRINGS_H
| # include <strings.h>
| #endif
| #ifdef HAVE_SYS_TYPES_H
| # include <sys/types.h>
| #endif
| #ifdef HAVE_SYS_STAT_H
| # include <sys/stat.h>
| #endif
| #ifdef HAVE_UNISTD_H
| # include <unistd.h>
| #endif
| int
| main (void)
| {
| if (sizeof ((ptrdiff_t)))
| 	    return 0;
|   ;
|   return 0;
| }
configure:24743: result: yes
configure:24752: checking whether byte ordering is bigendian
configure:24768: gcc -c -g -O2  conftest.c >&5
conftest.c:64:16: error: unknown type name 'not'
   64 |                not a universal capable compiler
      |                ^~~
conftest.c:64:22: error: expected '=', ',', ';', 'asm' or '__attribute__' before 'universal'
   64 |                not a universal capable compiler
      |                      ^~~~~~~~~
conftest.c:64:22: error: unknown type name 'universal'
configure:24768: $? = 1
configure: failed program was:
| /* confdefs.h */
| #define PACKAGE_NAME "nghttp2"
| #define PACKAGE_TARNAME "nghttp2"
| #define PACKAGE_VERSION "1.65.0"
| #define PACKAGE_STRING "nghttp2 1.65.0"
| #define PACKAGE_BUGREPORT "t-tujikawa@users.sourceforge.net"
| #define PACKAGE_URL ""
| #define HAVE_STDIO_H 1
| #define HAVE_STDLIB_H 1
| #define HAVE_STRING_H 1
| #define HAVE_INTTYPES_H 1
| #define HAVE_STDINT_H 1
| #define HAVE_STRINGS_H 1
| #define HAVE_SYS_STAT_H 1
| #define HAVE_SYS_TYPES_H 1
| #define HAVE_UNISTD_H 1
| #define HAVE_WCHAR_H 1
| #define STDC_HEADERS 1
| #define _ALL_SOURCE 1
| #define _DARWIN_C_SOURCE 1
| #define _GNU_SOURCE 1
| #define _HPUX_ALT_XOPEN_SOCKET_API 1
| #define _NETBSD_SOURCE 1
| #define _OPENBSD_SOURCE 1
| #define _POSIX_PTHREAD_SEMANTICS 1
| #define __STDC_WANT_IEC_60559_ATTRIBS_EXT__ 1
| #define __STDC_WANT_IEC_60559_BFP_EXT__ 1
| #define __STDC_WANT_IEC_60559_DFP_EXT__ 1
| #define __STDC_WANT_IEC_60559_FUNCS_EXT__ 1
| #define __STDC_WANT_IEC_60559_TYPES_EXT__ 1
| #define __STDC_WANT_LIB_EXT2__ 1
| #define __STDC_WANT_MATH_SPEC_FUNCS__ 1
| #define _TANDEM_SOURCE 1
| #define __EXTENSIONS__ 1
| #define HAVE_DLFCN_H 1
| #define LT_OBJDIR ".libs/"
| #define PACKAGE "nghttp2"
| #define VERSION "1.65.0"
| #define NGHTTP2_NORETURN __attribute__((noreturn))
| #define HAVE_CXX20 1
| #define HAVE_STD_FUTURE 1
| #define HAVE_STD_MAP_EMPLACE 1
| #define HAVE_ATOMIC_STD_SHARED_PTR 1
| #define HAVE_THREAD_LOCAL 1
| #define HAVE_ARPA_INET_H 1
| #define HAVE_FCNTL_H 1
| #define HAVE_INTTYPES_H 1
| #define HAVE_LIMITS_H 1
| #define HAVE_NETDB_H 1
| #define HAVE_NETINET_IN_H 1
| #define HAVE_NETINET_IP_H 1
| #define HAVE_PWD_H 1
| #define HAVE_STDDEF_H 1
| #define HAVE_STDINT_H 1
| #define HAVE_STDLIB_H 1
| #define HAVE_STRING_H 1
| #define HAVE_SYS_SOCKET_H 1
| #define HAVE_SYS_TIME_H 1
| #define HAVE_SYSLOG_H 1
| #define HAVE_UNISTD_H 1
| #define HAVE_PTRDIFF_T 1
| /* end confdefs.h.  */
| #ifndef __APPLE_CC__
| 	       not a universal capable compiler
| 	     #endif
| 	     typedef int dummy;
| 
configure:24814: gcc -c -g -O2  conftest.c >&5
configure:24814: $? = 0
configure:24833: gcc -c -g -O2  conftest.c >&5
conftest.c: In function 'main':
conftest.c:70:18: error: unknown type name 'not'; did you mean 'ino_t'?
   70 |                  not big endian
      |                  ^~~
      |                  ino_t
conftest.c:70:26: error: expected '=', ',', ';', 'asm' or '__attribute__' before 'endian'
   70 |                  not big endian
      |                          ^~~~~~
configure:24833: $? = 1
configure: failed program was:
| /* confdefs.h */
| #define PACKAGE_NAME "nghttp2"
| #define PACKAGE_TARNAME "nghttp2"
| #define PACKAGE_VERSION "1.65.0"
| #define PACKAGE_STRING "nghttp2 1.65.0"
| #define PACKAGE_BUGREPORT "t-tujikawa@users.sourceforge.net"
| #define PACKAGE_URL ""
| #define HAVE_STDIO_H 1
| #define HAVE_STDLIB_H 1
| #define HAVE_STRING_H 1
| #define HAVE_INTTYPES_H 1
| #define HAVE_STDINT_H 1
| #define HAVE_STRINGS_H 1
| #define HAVE_SYS_STAT_H 1
| #define HAVE_SYS_TYPES_H 1
| #define HAVE_UNISTD_H 1
| #define HAVE_WCHAR_H 1
| #define STDC_HEADERS 1
| #define _ALL_SOURCE 1
| #define _DARWIN_C_SOURCE 1
| #define _GNU_SOURCE 1
| #define _HPUX_ALT_XOPEN_SOCKET_API 1
| #define _NETBSD_SOURCE 1
| #define _OPENBSD_SOURCE 1
| #define _POSIX_PTHREAD_SEMANTICS 1
| #define __STDC_WANT_IEC_60559_ATTRIBS_EXT__ 1
| #define __STDC_WANT_IEC_60559_BFP_EXT__ 1
| #define __STDC_WANT_IEC_60559_DFP_EXT__ 1
| #define __STDC_WANT_IEC_60559_FUNCS_EXT__ 1
| #define __STDC_WANT_IEC_60559_TYPES_EXT__ 1
| #define __STDC_WANT_LIB_EXT2__ 1
| #define __STDC_WANT_MATH_SPEC_FUNCS__ 1
| #define _TANDEM_SOURCE 1
| #define __EXTENSIONS__ 1
| #define HAVE_DLFCN_H 1
| #define LT_OBJDIR ".libs/"
| #define PACKAGE "nghttp2"
| #define VERSION "1.65.0"
| #define NGHTTP2_NORETURN __attribute__((noreturn))
| #define HAVE_CXX20 1
| #define HAVE_STD_FUTURE 1
| #define HAVE_STD_MAP_EMPLACE 1
| #define HAVE_ATOMIC_STD_SHARED_PTR 1
| #define HAVE_THREAD_LOCAL 1
| #define HAVE_ARPA_INET_H 1
| #define HAVE_FCNTL_H 1
| #define HAVE_INTTYPES_H 1
| #define HAVE_LIMITS_H 1
| #define HAVE_NETDB_H 1
| #define HAVE_NETINET_IN_H 1
| #define HAVE_NETINET_IP_H 1
| #define HAVE_PWD_H 1
| #define HAVE_STDDEF_H 1
| #define HAVE_STDINT_H 1
| #define HAVE_STDLIB_H 1
| #define HAVE_STRING_H 1
| #define HAVE_SYS_SOCKET_H 1
| #define HAVE_SYS_TIME_H 1
| #define HAVE_SYSLOG_H 1
| #define HAVE_UNISTD_H 1
| #define HAVE_PTRDIFF_T 1
| /* end confdefs.h.  */
| #include <sys/types.h>
| 		#include <sys/param.h>
| 
| int
| main (void)
| {
| #if BYTE_ORDER != BIG_ENDIAN
| 		 not big endian
| 		#endif
| 
|   ;
|   return 0;
| }
configure:24967: result: no
configure:24985: checking for inline
configure:25002: gcc -c -g -O2  conftest.c >&5
configure:25002: $? = 0
configure:25011: result: inline
configure:25037: checking for special C compiler options needed for large files
configure:25085: result: no
configure:25091: checking for _FILE_OFFSET_BITS value needed for large files
configure:25117: gcc -c -g -O2  conftest.c >&5
configure:25117: $? = 0
configure:25151: result: no
configure:25234: checking for struct tm.tm_gmtoff
configure:25234: gcc -c -g -O2  conftest.c >&5
configure:25234: $? = 0
configure:25234: result: yes
configure:25244: checking for struct sockaddr_in.sin_len
configure:25244: gcc -c -g -O2  conftest.c >&5
conftest.c: In function 'main':
conftest.c:73:12: error: 'struct sockaddr_in' has no member named 'sin_len'
   73 | if (ac_aggr.sin_len)
      |            ^
configure:25244: $? = 1
configure: failed program was:
| /* confdefs.h */
| #define PACKAGE_NAME "nghttp2"
| #define PACKAGE_TARNAME "nghttp2"
| #define PACKAGE_VERSION "1.65.0"
| #define PACKAGE_STRING "nghttp2 1.65.0"
| #define PACKAGE_BUGREPORT "t-tujikawa@users.sourceforge.net"
| #define PACKAGE_URL ""
| #define HAVE_STDIO_H 1
| #define HAVE_STDLIB_H 1
| #define HAVE_STRING_H 1
| #define HAVE_INTTYPES_H 1
| #define HAVE_STDINT_H 1
| #define HAVE_STRINGS_H 1
| #define HAVE_SYS_STAT_H 1
| #define HAVE_SYS_TYPES_H 1
| #define HAVE_UNISTD_H 1
| #define HAVE_WCHAR_H 1
| #define STDC_HEADERS 1
| #define _ALL_SOURCE 1
| #define _DARWIN_C_SOURCE 1
| #define _GNU_SOURCE 1
| #define _HPUX_ALT_XOPEN_SOCKET_API 1
| #define _NETBSD_SOURCE 1
| #define _OPENBSD_SOURCE 1
| #define _POSIX_PTHREAD_SEMANTICS 1
| #define __STDC_WANT_IEC_60559_ATTRIBS_EXT__ 1
| #define __STDC_WANT_IEC_60559_BFP_EXT__ 1
| #define __STDC_WANT_IEC_60559_DFP_EXT__ 1
| #define __STDC_WANT_IEC_60559_FUNCS_EXT__ 1
| #define __STDC_WANT_IEC_60559_TYPES_EXT__ 1
| #define __STDC_WANT_LIB_EXT2__ 1
| #define __STDC_WANT_MATH_SPEC_FUNCS__ 1
| #define _TANDEM_SOURCE 1
| #define __EXTENSIONS__ 1
| #define HAVE_DLFCN_H 1
| #define LT_OBJDIR ".libs/"
| #define PACKAGE "nghttp2"
| #define VERSION "1.65.0"
| #define NGHTTP2_NORETURN __attribute__((noreturn))
| #define HAVE_CXX20 1
| #define HAVE_STD_FUTURE 1
| #define HAVE_STD_MAP_EMPLACE 1
| #define HAVE_ATOMIC_STD_SHARED_PTR 1
| #define HAVE_THREAD_LOCAL 1
| #define HAVE_ARPA_INET_H 1
| #define HAVE_FCNTL_H 1
| #define HAVE_INTTYPES_H 1
| #define HAVE_LIMITS_H 1
| #define HAVE_NETDB_H 1
| #define HAVE_NETINET_IN_H 1
| #define HAVE_NETINET_IP_H 1
| #define HAVE_PWD_H 1
| #define HAVE_STDDEF_H 1
| #define HAVE_STDINT_H 1
| #define HAVE_STDLIB_H 1
| #define HAVE_STRING_H 1
| #define HAVE_SYS_SOCKET_H 1
| #define HAVE_SYS_TIME_H 1
| #define HAVE_SYSLOG_H 1
| #define HAVE_UNISTD_H 1
| #define HAVE_PTRDIFF_T 1
| /* end confdefs.h.  */
| 
| #include <sys/types.h>
| #include <sys/socket.h>
| #include <netinet/in.h>
| 
| 
| int
| main (void)
| {
| static struct sockaddr_in ac_aggr;
| if (ac_aggr.sin_len)
| return 0;
|   ;
|   return 0;
| }
configure:25244: gcc -c -g -O2  conftest.c >&5
conftest.c: In function 'main':
conftest.c:73:19: error: 'struct sockaddr_in' has no member named 'sin_len'
   73 | if (sizeof ac_aggr.sin_len)
      |                   ^
configure:25244: $? = 1
configure: failed program was:
| /* confdefs.h */
| #define PACKAGE_NAME "nghttp2"
| #define PACKAGE_TARNAME "nghttp2"
| #define PACKAGE_VERSION "1.65.0"
| #define PACKAGE_STRING "nghttp2 1.65.0"
| #define PACKAGE_BUGREPORT "t-tujikawa@users.sourceforge.net"
| #define PACKAGE_URL ""
| #define HAVE_STDIO_H 1
| #define HAVE_STDLIB_H 1
| #define HAVE_STRING_H 1
| #define HAVE_INTTYPES_H 1
| #define HAVE_STDINT_H 1
| #define HAVE_STRINGS_H 1
| #define HAVE_SYS_STAT_H 1
| #define HAVE_SYS_TYPES_H 1
| #define HAVE_UNISTD_H 1
| #define HAVE_WCHAR_H 1
| #define STDC_HEADERS 1
| #define _ALL_SOURCE 1
| #define _DARWIN_C_SOURCE 1
| #define _GNU_SOURCE 1
| #define _HPUX_ALT_XOPEN_SOCKET_API 1
| #define _NETBSD_SOURCE 1
| #define _OPENBSD_SOURCE 1
| #define _POSIX_PTHREAD_SEMANTICS 1
| #define __STDC_WANT_IEC_60559_ATTRIBS_EXT__ 1
| #define __STDC_WANT_IEC_60559_BFP_EXT__ 1
| #define __STDC_WANT_IEC_60559_DFP_EXT__ 1
| #define __STDC_WANT_IEC_60559_FUNCS_EXT__ 1
| #define __STDC_WANT_IEC_60559_TYPES_EXT__ 1
| #define __STDC_WANT_LIB_EXT2__ 1
| #define __STDC_WANT_MATH_SPEC_FUNCS__ 1
| #define _TANDEM_SOURCE 1
| #define __EXTENSIONS__ 1
| #define HAVE_DLFCN_H 1
| #define LT_OBJDIR ".libs/"
| #define PACKAGE "nghttp2"
| #define VERSION "1.65.0"
| #define NGHTTP2_NORETURN __attribute__((noreturn))
| #define HAVE_CXX20 1
| #define HAVE_STD_FUTURE 1
| #define HAVE_STD_MAP_EMPLACE 1
| #define HAVE_ATOMIC_STD_SHARED_PTR 1
| #define HAVE_THREAD_LOCAL 1
| #define HAVE_ARPA_INET_H 1
| #define HAVE_FCNTL_H 1
| #define HAVE_INTTYPES_H 1
| #define HAVE_LIMITS_H 1
| #define HAVE_NETDB_H 1
| #define HAVE_NETINET_IN_H 1
| #define HAVE_NETINET_IP_H 1
| #define HAVE_PWD_H 1
| #define HAVE_STDDEF_H 1
| #define HAVE_STDINT_H 1
| #define HAVE_STDLIB_H 1
| #define HAVE_STRING_H 1
| #define HAVE_SYS_SOCKET_H 1
| #define HAVE_SYS_TIME_H 1
| #define HAVE_SYSLOG_H 1
| #define HAVE_UNISTD_H 1
| #define HAVE_PTRDIFF_T 1
| /* end confdefs.h.  */
| 
| #include <sys/types.h>
| #include <sys/socket.h>
| #include <netinet/in.h>
| 
| 
| int
| main (void)
| {
| static struct sockaddr_in ac_aggr;
| if (sizeof ac_aggr.sin_len)
| return 0;
|   ;
|   return 0;
| }
configure:25244: result: no
configure:25258: checking for struct sockaddr_in6.sin6_len
configure:25258: gcc -c -g -O2  conftest.c >&5
conftest.c: In function 'main':
conftest.c:73:12: error: 'struct sockaddr_in6' has no member named 'sin6_len'
   73 | if (ac_aggr.sin6_len)
      |            ^
configure:25258: $? = 1
configure: failed program was:
| /* confdefs.h */
| #define PACKAGE_NAME "nghttp2"
| #define PACKAGE_TARNAME "nghttp2"
| #define PACKAGE_VERSION "1.65.0"
| #define PACKAGE_STRING "nghttp2 1.65.0"
| #define PACKAGE_BUGREPORT "t-tujikawa@users.sourceforge.net"
| #define PACKAGE_URL ""
| #define HAVE_STDIO_H 1
| #define HAVE_STDLIB_H 1
| #define HAVE_STRING_H 1
| #define HAVE_INTTYPES_H 1
| #define HAVE_STDINT_H 1
| #define HAVE_STRINGS_H 1
| #define HAVE_SYS_STAT_H 1
| #define HAVE_SYS_TYPES_H 1
| #define HAVE_UNISTD_H 1
| #define HAVE_WCHAR_H 1
| #define STDC_HEADERS 1
| #define _ALL_SOURCE 1
| #define _DARWIN_C_SOURCE 1
| #define _GNU_SOURCE 1
| #define _HPUX_ALT_XOPEN_SOCKET_API 1
| #define _NETBSD_SOURCE 1
| #define _OPENBSD_SOURCE 1
| #define _POSIX_PTHREAD_SEMANTICS 1
| #define __STDC_WANT_IEC_60559_ATTRIBS_EXT__ 1
| #define __STDC_WANT_IEC_60559_BFP_EXT__ 1
| #define __STDC_WANT_IEC_60559_DFP_EXT__ 1
| #define __STDC_WANT_IEC_60559_FUNCS_EXT__ 1
| #define __STDC_WANT_IEC_60559_TYPES_EXT__ 1
| #define __STDC_WANT_LIB_EXT2__ 1
| #define __STDC_WANT_MATH_SPEC_FUNCS__ 1
| #define _TANDEM_SOURCE 1
| #define __EXTENSIONS__ 1
| #define HAVE_DLFCN_H 1
| #define LT_OBJDIR ".libs/"
| #define PACKAGE "nghttp2"
| #define VERSION "1.65.0"
| #define NGHTTP2_NORETURN __attribute__((noreturn))
| #define HAVE_CXX20 1
| #define HAVE_STD_FUTURE 1
| #define HAVE_STD_MAP_EMPLACE 1
| #define HAVE_ATOMIC_STD_SHARED_PTR 1
| #define HAVE_THREAD_LOCAL 1
| #define HAVE_ARPA_INET_H 1
| #define HAVE_FCNTL_H 1
| #define HAVE_INTTYPES_H 1
| #define HAVE_LIMITS_H 1
| #define HAVE_NETDB_H 1
| #define HAVE_NETINET_IN_H 1
| #define HAVE_NETINET_IP_H 1
| #define HAVE_PWD_H 1
| #define HAVE_STDDEF_H 1
| #define HAVE_STDINT_H 1
| #define HAVE_STDLIB_H 1
| #define HAVE_STRING_H 1
| #define HAVE_SYS_SOCKET_H 1
| #define HAVE_SYS_TIME_H 1
| #define HAVE_SYSLOG_H 1
| #define HAVE_UNISTD_H 1
| #define HAVE_PTRDIFF_T 1
| /* end confdefs.h.  */
| 
| #include <sys/types.h>
| #include <sys/socket.h>
| #include <netinet/in.h>
| 
| 
| int
| main (void)
| {
| static struct sockaddr_in6 ac_aggr;
| if (ac_aggr.sin6_len)
| return 0;
|   ;
|   return 0;
| }
configure:25258: gcc -c -g -O2  conftest.c >&5
conftest.c: In function 'main':
conftest.c:73:19: error: 'struct sockaddr_in6' has no member named 'sin6_len'
   73 | if (sizeof ac_aggr.sin6_len)
      |                   ^
configure:25258: $? = 1
configure: failed program was:
| /* confdefs.h */
| #define PACKAGE_NAME "nghttp2"
| #define PACKAGE_TARNAME "nghttp2"
| #define PACKAGE_VERSION "1.65.0"
| #define PACKAGE_STRING "nghttp2 1.65.0"
| #define PACKAGE_BUGREPORT "t-tujikawa@users.sourceforge.net"
| #define PACKAGE_URL ""
| #define HAVE_STDIO_H 1
| #define HAVE_STDLIB_H 1
| #define HAVE_STRING_H 1
| #define HAVE_INTTYPES_H 1
| #define HAVE_STDINT_H 1
| #define HAVE_STRINGS_H 1
| #define HAVE_SYS_STAT_H 1
| #define HAVE_SYS_TYPES_H 1
| #define HAVE_UNISTD_H 1
| #define HAVE_WCHAR_H 1
| #define STDC_HEADERS 1
| #define _ALL_SOURCE 1
| #define _DARWIN_C_SOURCE 1
| #define _GNU_SOURCE 1
| #define _HPUX_ALT_XOPEN_SOCKET_API 1
| #define _NETBSD_SOURCE 1
| #define _OPENBSD_SOURCE 1
| #define _POSIX_PTHREAD_SEMANTICS 1
| #define __STDC_WANT_IEC_60559_ATTRIBS_EXT__ 1
| #define __STDC_WANT_IEC_60559_BFP_EXT__ 1
| #define __STDC_WANT_IEC_60559_DFP_EXT__ 1
| #define __STDC_WANT_IEC_60559_FUNCS_EXT__ 1
| #define __STDC_WANT_IEC_60559_TYPES_EXT__ 1
| #define __STDC_WANT_LIB_EXT2__ 1
| #define __STDC_WANT_MATH_SPEC_FUNCS__ 1
| #define _TANDEM_SOURCE 1
| #define __EXTENSIONS__ 1
| #define HAVE_DLFCN_H 1
| #define LT_OBJDIR ".libs/"
| #define PACKAGE "nghttp2"
| #define VERSION "1.65.0"
| #define NGHTTP2_NORETURN __attribute__((noreturn))
| #define HAVE_CXX20 1
| #define HAVE_STD_FUTURE 1
| #define HAVE_STD_MAP_EMPLACE 1
| #define HAVE_ATOMIC_STD_SHARED_PTR 1
| #define HAVE_THREAD_LOCAL 1
| #define HAVE_ARPA_INET_H 1
| #define HAVE_FCNTL_H 1
| #define HAVE_INTTYPES_H 1
| #define HAVE_LIMITS_H 1
| #define HAVE_NETDB_H 1
| #define HAVE_NETINET_IN_H 1
| #define HAVE_NETINET_IP_H 1
| #define HAVE_PWD_H 1
| #define HAVE_STDDEF_H 1
| #define HAVE_STDINT_H 1
| #define HAVE_STDLIB_H 1
| #define HAVE_STRING_H 1
| #define HAVE_SYS_SOCKET_H 1
| #define HAVE_SYS_TIME_H 1
| #define HAVE_SYSLOG_H 1
| #define HAVE_UNISTD_H 1
| #define HAVE_PTRDIFF_T 1
| /* end confdefs.h.  */
| 
| #include <sys/types.h>
| #include <sys/socket.h>
| #include <netinet/in.h>
| 
| 
| int
| main (void)
| {
| static struct sockaddr_in6 ac_aggr;
| if (sizeof ac_aggr.sin6_len)
| return 0;
|   ;
|   return 0;
| }
configure:25258: result: no
configure:25283: checking for working chown
configure:25323: gcc -o conftest -g -O2   conftest.c  >&5
configure:25323: $? = 0
configure:25323: ./conftest
configure:25323: $? = 0
configure:25336: result: yes
configure:25344: checking for error_at_line
configure:25361: gcc -o conftest -g -O2   conftest.c  >&5
configure:25361: $? = 0
configure:25370: result: yes
configure:25386: checking for fork
configure:25386: gcc -o conftest -g -O2   conftest.c  >&5
conftest.c:81:6: warning: conflicting types for built-in function 'fork'; expected 'int(void)' [-Wbuiltin-declaration-mismatch]
   81 | char fork ();
      |      ^~~~
configure:25386: $? = 0
configure:25386: result: yes
configure:25386: checking for vfork
configure:25386: gcc -o conftest -g -O2   conftest.c  >&5
configure:25386: $? = 0
configure:25386: result: yes
configure:25399: checking for working fork
configure:25423: gcc -o conftest -g -O2   conftest.c  >&5
configure:25423: $? = 0
configure:25423: ./conftest
configure:25423: $? = 0
configure:25434: result: yes
configure:25455: checking for working vfork
configure:25584: result: yes
configure:25611: checking for gcc options needed to detect all undeclared functions
configure:25633: gcc -c -g -O2   conftest.c >&5
conftest.c: In function 'main':
conftest.c:73:8: error: 'strchr' undeclared (first use in this function)
   73 | (void) strchr;
      |        ^~~~~~
conftest.c:1:1: note: 'strchr' is defined in header '<string.h>'; did you forget to '#include <string.h>'?
    1 | /* confdefs.h */
conftest.c:73:8: note: each undeclared identifier is reported only once for each function it appears in
   73 | (void) strchr;
      |        ^~~~~~
configure:25633: $? = 1
configure: failed program was:
| /* confdefs.h */
| #define PACKAGE_NAME "nghttp2"
| #define PACKAGE_TARNAME "nghttp2"
| #define PACKAGE_VERSION "1.65.0"
| #define PACKAGE_STRING "nghttp2 1.65.0"
| #define PACKAGE_BUGREPORT "t-tujikawa@users.sourceforge.net"
| #define PACKAGE_URL ""
| #define HAVE_STDIO_H 1
| #define HAVE_STDLIB_H 1
| #define HAVE_STRING_H 1
| #define HAVE_INTTYPES_H 1
| #define HAVE_STDINT_H 1
| #define HAVE_STRINGS_H 1
| #define HAVE_SYS_STAT_H 1
| #define HAVE_SYS_TYPES_H 1
| #define HAVE_UNISTD_H 1
| #define HAVE_WCHAR_H 1
| #define STDC_HEADERS 1
| #define _ALL_SOURCE 1
| #define _DARWIN_C_SOURCE 1
| #define _GNU_SOURCE 1
| #define _HPUX_ALT_XOPEN_SOCKET_API 1
| #define _NETBSD_SOURCE 1
| #define _OPENBSD_SOURCE 1
| #define _POSIX_PTHREAD_SEMANTICS 1
| #define __STDC_WANT_IEC_60559_ATTRIBS_EXT__ 1
| #define __STDC_WANT_IEC_60559_BFP_EXT__ 1
| #define __STDC_WANT_IEC_60559_DFP_EXT__ 1
| #define __STDC_WANT_IEC_60559_FUNCS_EXT__ 1
| #define __STDC_WANT_IEC_60559_TYPES_EXT__ 1
| #define __STDC_WANT_LIB_EXT2__ 1
| #define __STDC_WANT_MATH_SPEC_FUNCS__ 1
| #define _TANDEM_SOURCE 1
| #define __EXTENSIONS__ 1
| #define HAVE_DLFCN_H 1
| #define LT_OBJDIR ".libs/"
| #define PACKAGE "nghttp2"
| #define VERSION "1.65.0"
| #define NGHTTP2_NORETURN __attribute__((noreturn))
| #define HAVE_CXX20 1
| #define HAVE_STD_FUTURE 1
| #define HAVE_STD_MAP_EMPLACE 1
| #define HAVE_ATOMIC_STD_SHARED_PTR 1
| #define HAVE_THREAD_LOCAL 1
| #define HAVE_ARPA_INET_H 1
| #define HAVE_FCNTL_H 1
| #define HAVE_INTTYPES_H 1
| #define HAVE_LIMITS_H 1
| #define HAVE_NETDB_H 1
| #define HAVE_NETINET_IN_H 1
| #define HAVE_NETINET_IP_H 1
| #define HAVE_PWD_H 1
| #define HAVE_STDDEF_H 1
| #define HAVE_STDINT_H 1
| #define HAVE_STDLIB_H 1
| #define HAVE_STRING_H 1
| #define HAVE_SYS_SOCKET_H 1
| #define HAVE_SYS_TIME_H 1
| #define HAVE_SYSLOG_H 1
| #define HAVE_UNISTD_H 1
| #define HAVE_PTRDIFF_T 1
| #define HAVE_STRUCT_TM_TM_GMTOFF 1
| #define HAVE_CHOWN 1
| #define HAVE_FORK 1
| #define HAVE_VFORK 1
| #define HAVE_WORKING_VFORK 1
| #define HAVE_WORKING_FORK 1
| /* end confdefs.h.  */
| 
| int
| main (void)
| {
| (void) strchr;
|   ;
|   return 0;
| }
configure:25660: gcc -c -g -O2   conftest.c >&5
configure:25660: $? = 0
configure:25677: result: none needed
configure:25691: checking whether strerror_r is declared
configure:25691: gcc -c -g -O2   conftest.c >&5
configure:25691: $? = 0
configure:25691: result: yes
configure:25710: checking whether strerror_r returns char *
configure:25735: gcc -c -g -O2  conftest.c >&5
configure:25735: $? = 0
configure:25744: result: yes
configure:25752: checking for working strnlen
configure:25792: gcc -o conftest -g -O2   conftest.c  >&5
configure:25792: $? = 0
configure:25792: ./conftest
configure:25792: $? = 0
configure:25803: result: yes
configure:25813: checking for _Exit
configure:25813: gcc -o conftest -g -O2   conftest.c  >&5
conftest.c:88:6: warning: conflicting types for built-in function '_Exit'; expected 'void(int)' [-Wbuiltin-declaration-mismatch]
   88 | char _Exit ();
      |      ^~~~~
conftest.c:80:1: note: '_Exit' is declared in header '<stdlib.h>'
   79 | #include <limits.h>
   80 | #undef _Exit
configure:25813: $? = 0
configure:25813: result: yes
configure:25819: checking for accept4
configure:25819: gcc -o conftest -g -O2   conftest.c  >&5
configure:25819: $? = 0
configure:25819: result: yes
configure:25825: checking for clock_gettime
configure:25825: gcc -o conftest -g -O2   conftest.c  >&5
configure:25825: $? = 0
configure:25825: result: yes
configure:25831: checking for dup2
configure:25831: gcc -o conftest -g -O2   conftest.c  >&5
configure:25831: $? = 0
configure:25831: result: yes
configure:25837: checking for getcwd
configure:25837: gcc -o conftest -g -O2   conftest.c  >&5
configure:25837: $? = 0
configure:25837: result: yes
configure:25843: checking for getpwnam
configure:25843: gcc -o conftest -g -O2   conftest.c  >&5
configure:25843: $? = 0
configure:25843: result: yes
configure:25849: checking for localtime_r
configure:25849: gcc -o conftest -g -O2   conftest.c  >&5
configure:25849: $? = 0
configure:25849: result: yes
configure:25855: checking for memchr
configure:25855: gcc -o conftest -g -O2   conftest.c  >&5
conftest.c:95:6: warning: conflicting types for built-in function 'memchr'; expected 'void *(const void *, int,  long unsigned int)' [-Wbuiltin-declaration-mismatch]
   95 | char memchr ();
      |      ^~~~~~
conftest.c:87:1: note: 'memchr' is declared in header '<string.h>'
   86 | #include <limits.h>
   87 | #undef memchr
configure:25855: $? = 0
configure:25855: result: yes
configure:25861: checking for memmove
configure:25861: gcc -o conftest -g -O2   conftest.c  >&5
conftest.c:96:6: warning: conflicting types for built-in function 'memmove'; expected 'void *(void *, const void *, long unsigned int)' [-Wbuiltin-declaration-mismatch]
   96 | char memmove ();
      |      ^~~~~~~
conftest.c:88:1: note: 'memmove' is declared in header '<string.h>'
   87 | #include <limits.h>
   88 | #undef memmove
configure:25861: $? = 0
configure:25861: result: yes
configure:25867: checking for memset
configure:25867: gcc -o conftest -g -O2   conftest.c  >&5
conftest.c:97:6: warning: conflicting types for built-in function 'memset'; expected 'void *(void *, int,  long unsigned int)' [-Wbuiltin-declaration-mismatch]
   97 | char memset ();
      |      ^~~~~~
conftest.c:89:1: note: 'memset' is declared in header '<string.h>'
   88 | #include <limits.h>
   89 | #undef memset
configure:25867: $? = 0
configure:25867: result: yes
configure:25873: checking for mkostemp
configure:25873: gcc -o conftest -g -O2   conftest.c  >&5
configure:25873: $? = 0
configure:25873: result: yes
configure:25879: checking for pipe2
configure:25879: gcc -o conftest -g -O2   conftest.c  >&5
configure:25879: $? = 0
configure:25879: result: yes
configure:25885: checking for socket
configure:25885: gcc -o conftest -g -O2   conftest.c  >&5
configure:25885: $? = 0
configure:25885: result: yes
configure:25891: checking for sqrt
configure:25891: gcc -o conftest -g -O2   conftest.c  >&5
conftest.c:101:6: warning: conflicting types for built-in function 'sqrt'; expected 'double(double)' [-Wbuiltin-declaration-mismatch]
  101 | char sqrt ();
      |      ^~~~
conftest.c:93:1: note: 'sqrt' is declared in header '<math.h>'
   92 | #include <limits.h>
   93 | #undef sqrt
/usr/bin/ld: /tmp/ccvFZGWK.o: in function `main':
/home/kcope/Dokumente/LikeOS-64/ports/lib/nghttp2-1.65.0/conftest.c:112:(.text.startup+0xb): undefined reference to `sqrt'
collect2: error: ld returned 1 exit status
configure:25891: $? = 1
configure: failed program was:
| /* confdefs.h */
| #define PACKAGE_NAME "nghttp2"
| #define PACKAGE_TARNAME "nghttp2"
| #define PACKAGE_VERSION "1.65.0"
| #define PACKAGE_STRING "nghttp2 1.65.0"
| #define PACKAGE_BUGREPORT "t-tujikawa@users.sourceforge.net"
| #define PACKAGE_URL ""
| #define HAVE_STDIO_H 1
| #define HAVE_STDLIB_H 1
| #define HAVE_STRING_H 1
| #define HAVE_INTTYPES_H 1
| #define HAVE_STDINT_H 1
| #define HAVE_STRINGS_H 1
| #define HAVE_SYS_STAT_H 1
| #define HAVE_SYS_TYPES_H 1
| #define HAVE_UNISTD_H 1
| #define HAVE_WCHAR_H 1
| #define STDC_HEADERS 1
| #define _ALL_SOURCE 1
| #define _DARWIN_C_SOURCE 1
| #define _GNU_SOURCE 1
| #define _HPUX_ALT_XOPEN_SOCKET_API 1
| #define _NETBSD_SOURCE 1
| #define _OPENBSD_SOURCE 1
| #define _POSIX_PTHREAD_SEMANTICS 1
| #define __STDC_WANT_IEC_60559_ATTRIBS_EXT__ 1
| #define __STDC_WANT_IEC_60559_BFP_EXT__ 1
| #define __STDC_WANT_IEC_60559_DFP_EXT__ 1
| #define __STDC_WANT_IEC_60559_FUNCS_EXT__ 1
| #define __STDC_WANT_IEC_60559_TYPES_EXT__ 1
| #define __STDC_WANT_LIB_EXT2__ 1
| #define __STDC_WANT_MATH_SPEC_FUNCS__ 1
| #define _TANDEM_SOURCE 1
| #define __EXTENSIONS__ 1
| #define HAVE_DLFCN_H 1
| #define LT_OBJDIR ".libs/"
| #define PACKAGE "nghttp2"
| #define VERSION "1.65.0"
| #define NGHTTP2_NORETURN __attribute__((noreturn))
| #define HAVE_CXX20 1
| #define HAVE_STD_FUTURE 1
| #define HAVE_STD_MAP_EMPLACE 1
| #define HAVE_ATOMIC_STD_SHARED_PTR 1
| #define HAVE_THREAD_LOCAL 1
| #define HAVE_ARPA_INET_H 1
| #define HAVE_FCNTL_H 1
| #define HAVE_INTTYPES_H 1
| #define HAVE_LIMITS_H 1
| #define HAVE_NETDB_H 1
| #define HAVE_NETINET_IN_H 1
| #define HAVE_NETINET_IP_H 1
| #define HAVE_PWD_H 1
| #define HAVE_STDDEF_H 1
| #define HAVE_STDINT_H 1
| #define HAVE_STDLIB_H 1
| #define HAVE_STRING_H 1
| #define HAVE_SYS_SOCKET_H 1
| #define HAVE_SYS_TIME_H 1
| #define HAVE_SYSLOG_H 1
| #define HAVE_UNISTD_H 1
| #define HAVE_PTRDIFF_T 1
| #define HAVE_STRUCT_TM_TM_GMTOFF 1
| #define HAVE_CHOWN 1
| #define HAVE_FORK 1
| #define HAVE_VFORK 1
| #define HAVE_WORKING_VFORK 1
| #define HAVE_WORKING_FORK 1
| #define HAVE_DECL_STRERROR_R 1
| #define HAVE_STRERROR_R 1
| #define STRERROR_R_CHAR_P 1
| #define HAVE__EXIT 1
| #define HAVE_ACCEPT4 1
| #define HAVE_CLOCK_GETTIME 1
| #define HAVE_DUP2 1
| #define HAVE_GETCWD 1
| #define HAVE_GETPWNAM 1
| #define HAVE_LOCALTIME_R 1
| #define HAVE_MEMCHR 1
| #define HAVE_MEMMOVE 1
| #define HAVE_MEMSET 1
| #define HAVE_MKOSTEMP 1
| #define HAVE_PIPE2 1
| #define HAVE_SOCKET 1
| /* end confdefs.h.  */
| /* Define sqrt to an innocuous variant, in case <limits.h> declares sqrt.
|    For example, HP-UX 11i <limits.h> declares gettimeofday.  */
| #define sqrt innocuous_sqrt
| 
| /* System header to define __stub macros and hopefully few prototypes,
|    which can conflict with char sqrt (); below.  */
| 
| #include <limits.h>
| #undef sqrt
| 
| /* Override any GCC internal prototype to avoid an error.
|    Use char because int might match the return type of a GCC
|    builtin and then its argument prototype would still apply.  */
| #ifdef __cplusplus
| extern "C"
| #endif
| char sqrt ();
| /* The GNU C library defines this for functions which it implements
|     to always fail with ENOSYS.  Some functions are actually named
|     something starting with __ and the normal name is an alias.  */
| #if defined __stub_sqrt || defined __stub___sqrt
| choke me
| #endif
| 
| int
| main (void)
| {
| return sqrt ();
|   ;
|   return 0;
| }
configure:25891: result: no
configure:25897: checking for strchr
configure:25897: gcc -o conftest -g -O2   conftest.c  >&5
conftest.c:101:6: warning: conflicting types for built-in function 'strchr'; expected 'char *(const char *, int)' [-Wbuiltin-declaration-mismatch]
  101 | char strchr ();
      |      ^~~~~~
conftest.c:93:1: note: 'strchr' is declared in header '<string.h>'
   92 | #include <limits.h>
   93 | #undef strchr
configure:25897: $? = 0
configure:25897: result: yes
configure:25903: checking for strdup
configure:25903: gcc -o conftest -g -O2   conftest.c  >&5
conftest.c:102:6: warning: conflicting types for built-in function 'strdup'; expected 'char *(const char *)' [-Wbuiltin-declaration-mismatch]
  102 | char strdup ();
      |      ^~~~~~
configure:25903: $? = 0
configure:25903: result: yes
configure:25909: checking for strerror
configure:25909: gcc -o conftest -g -O2   conftest.c  >&5
configure:25909: $? = 0
configure:25909: result: yes
configure:25915: checking for strndup
configure:25915: gcc -o conftest -g -O2   conftest.c  >&5
conftest.c:104:6: warning: conflicting types for built-in function 'strndup'; expected 'char *(const char *, long unsigned int)' [-Wbuiltin-declaration-mismatch]
  104 | char strndup ();
      |      ^~~~~~~
configure:25915: $? = 0
configure:25915: result: yes
configure:25921: checking for strstr
configure:25921: gcc -o conftest -g -O2   conftest.c  >&5
conftest.c:105:6: warning: conflicting types for built-in function 'strstr'; expected 'char *(const char *, const char *)' [-Wbuiltin-declaration-mismatch]
  105 | char strstr ();
      |      ^~~~~~
conftest.c:97:1: note: 'strstr' is declared in header '<string.h>'
   96 | #include <limits.h>
   97 | #undef strstr
configure:25921: $? = 0
configure:25921: result: yes
configure:25927: checking for strtol
configure:25927: gcc -o conftest -g -O2   conftest.c  >&5
configure:25927: $? = 0
configure:25927: result: yes
configure:25933: checking for strtoul
configure:25933: gcc -o conftest -g -O2   conftest.c  >&5
configure:25933: $? = 0
configure:25933: result: yes
configure:25939: checking for timegm
configure:25939: gcc -o conftest -g -O2   conftest.c  >&5
configure:25939: $? = 0
configure:25939: result: yes
configure:25949: checking for timerfd_create
configure:25949: gcc -o conftest -g -O2   conftest.c  >&5
configure:25949: $? = 0
configure:25949: result: yes
configure:25958: checking checking for GetTickCount64
configure:25975: gcc -o conftest -g -O2   conftest.c  >&5
conftest.c:94:10: fatal error: windows.h: No such file or directory
   94 | #include <windows.h>
      |          ^~~~~~~~~~~
compilation terminated.
configure:25975: $? = 1
configure: failed program was:
| /* confdefs.h */
| #define PACKAGE_NAME "nghttp2"
| #define PACKAGE_TARNAME "nghttp2"
| #define PACKAGE_VERSION "1.65.0"
| #define PACKAGE_STRING "nghttp2 1.65.0"
| #define PACKAGE_BUGREPORT "t-tujikawa@users.sourceforge.net"
| #define PACKAGE_URL ""
| #define HAVE_STDIO_H 1
| #define HAVE_STDLIB_H 1
| #define HAVE_STRING_H 1
| #define HAVE_INTTYPES_H 1
| #define HAVE_STDINT_H 1
| #define HAVE_STRINGS_H 1
| #define HAVE_SYS_STAT_H 1
| #define HAVE_SYS_TYPES_H 1
| #define HAVE_UNISTD_H 1
| #define HAVE_WCHAR_H 1
| #define STDC_HEADERS 1
| #define _ALL_SOURCE 1
| #define _DARWIN_C_SOURCE 1
| #define _GNU_SOURCE 1
| #define _HPUX_ALT_XOPEN_SOCKET_API 1
| #define _NETBSD_SOURCE 1
| #define _OPENBSD_SOURCE 1
| #define _POSIX_PTHREAD_SEMANTICS 1
| #define __STDC_WANT_IEC_60559_ATTRIBS_EXT__ 1
| #define __STDC_WANT_IEC_60559_BFP_EXT__ 1
| #define __STDC_WANT_IEC_60559_DFP_EXT__ 1
| #define __STDC_WANT_IEC_60559_FUNCS_EXT__ 1
| #define __STDC_WANT_IEC_60559_TYPES_EXT__ 1
| #define __STDC_WANT_LIB_EXT2__ 1
| #define __STDC_WANT_MATH_SPEC_FUNCS__ 1
| #define _TANDEM_SOURCE 1
| #define __EXTENSIONS__ 1
| #define HAVE_DLFCN_H 1
| #define LT_OBJDIR ".libs/"
| #define PACKAGE "nghttp2"
| #define VERSION "1.65.0"
| #define NGHTTP2_NORETURN __attribute__((noreturn))
| #define HAVE_CXX20 1
| #define HAVE_STD_FUTURE 1
| #define HAVE_STD_MAP_EMPLACE 1
| #define HAVE_ATOMIC_STD_SHARED_PTR 1
| #define HAVE_THREAD_LOCAL 1
| #define HAVE_ARPA_INET_H 1
| #define HAVE_FCNTL_H 1
| #define HAVE_INTTYPES_H 1
| #define HAVE_LIMITS_H 1
| #define HAVE_NETDB_H 1
| #define HAVE_NETINET_IN_H 1
| #define HAVE_NETINET_IP_H 1
| #define HAVE_PWD_H 1
| #define HAVE_STDDEF_H 1
| #define HAVE_STDINT_H 1
| #define HAVE_STDLIB_H 1
| #define HAVE_STRING_H 1
| #define HAVE_SYS_SOCKET_H 1
| #define HAVE_SYS_TIME_H 1
| #define HAVE_SYSLOG_H 1
| #define HAVE_UNISTD_H 1
| #define HAVE_PTRDIFF_T 1
| #define HAVE_STRUCT_TM_TM_GMTOFF 1
| #define HAVE_CHOWN 1
| #define HAVE_FORK 1
| #define HAVE_VFORK 1
| #define HAVE_WORKING_VFORK 1
| #define HAVE_WORKING_FORK 1
| #define HAVE_DECL_STRERROR_R 1
| #define HAVE_STRERROR_R 1
| #define STRERROR_R_CHAR_P 1
| #define HAVE__EXIT 1
| #define HAVE_ACCEPT4 1
| #define HAVE_CLOCK_GETTIME 1
| #define HAVE_DUP2 1
| #define HAVE_GETCWD 1
| #define HAVE_GETPWNAM 1
| #define HAVE_LOCALTIME_R 1
| #define HAVE_MEMCHR 1
| #define HAVE_MEMMOVE 1
| #define HAVE_MEMSET 1
| #define HAVE_MKOSTEMP 1
| #define HAVE_PIPE2 1
| #define HAVE_SOCKET 1
| #define HAVE_STRCHR 1
| #define HAVE_STRDUP 1
| #define HAVE_STRERROR 1
| #define HAVE_STRNDUP 1
| #define HAVE_STRSTR 1
| #define HAVE_STRTOL 1
| #define HAVE_STRTOUL 1
| #define HAVE_TIMEGM 1
| /* end confdefs.h.  */
| 
| #include <windows.h>
| 
| int
| main (void)
| {
| 
| GetTickCount64();
| 
|   ;
|   return 0;
| }
configure:25991: result: no
configure:25998: checking whether initgroups is declared
configure:25998: gcc -c -g -O2   conftest.c >&5
configure:25998: $? = 0
configure:25998: result: yes
configure:26014: checking whether CLOCK_MONOTONIC is declared
configure:26014: gcc -c -g -O2   conftest.c >&5
configure:26014: $? = 0
configure:26014: result: yes
configure:27934: checking whether C compiler accepts -fvisibility=hidden
configure:27954: gcc -c -g -O2  -fvisibility=hidden  conftest.c >&5
configure:27954: $? = 0
configure:27963: result: yes
configure:28108: checking that generated files are newer than configure
configure:28114: result: done
configure:28186: creating ./config.status

## ---------------------- ##
## Running config.status. ##
## ---------------------- ##

This file was extended by nghttp2 config.status 1.65.0, which was
generated by GNU Autoconf 2.71.  Invocation command line was

  CONFIG_FILES    = 
  CONFIG_HEADERS  = 
  CONFIG_LINKS    = 
  CONFIG_COMMANDS = 
  $ ./config.status --quiet

on cp-ubuntu

config.status:1339: creating Makefile
config.status:1339: creating lib/Makefile
config.status:1339: creating lib/libnghttp2.pc
config.status:1339: creating lib/includes/Makefile
config.status:1339: creating lib/includes/nghttp2/nghttp2ver.h
config.status:1339: creating tests/Makefile
config.status:1339: creating tests/testdata/Makefile
config.status:1339: creating third-party/Makefile
config.status:1339: creating src/Makefile
config.status:1339: creating src/testdata/Makefile
config.status:1339: creating bpf/Makefile
config.status:1339: creating examples/Makefile
config.status:1339: creating integration-tests/Makefile
config.status:1339: creating integration-tests/config.go
config.status:1339: creating integration-tests/setenv
config.status:1339: creating doc/Makefile
config.status:1339: creating doc/conf.py
config.status:1339: creating doc/index.rst
config.status:1339: creating doc/package_README.rst
config.status:1339: creating doc/tutorial-client.rst
config.status:1339: creating doc/tutorial-server.rst
config.status:1339: creating doc/tutorial-hpack.rst
config.status:1339: creating doc/nghttpx-howto.rst
config.status:1339: creating doc/h2load-howto.rst
config.status:1339: creating doc/building-android-binary.rst
config.status:1339: creating doc/nghttp2.h.rst
config.status:1339: creating doc/nghttp2ver.h.rst
config.status:1339: creating doc/contribute.rst
config.status:1339: creating contrib/Makefile
config.status:1339: creating script/Makefile
config.status:1339: creating config.h
config.status:1568: executing libtool commands
config.status:1568: executing depfiles commands
config.status:2361: cd lib       && sed -e '/# am--include-marker/d' Makefile         | make -f - am--depfiles
config.status:2366: $? = 0
config.status:2361: cd tests       && sed -e '/# am--include-marker/d' Makefile         | make -f - am--depfiles
config.status:2366: $? = 0
config.status:2361: cd third-party       && sed -e '/# am--include-marker/d' Makefile         | make -f - am--depfiles
config.status:2366: $? = 0
config.status:2361: cd src       && sed -e '/# am--include-marker/d' Makefile         | make -f - am--depfiles
config.status:2366: $? = 0
config.status:2361: cd examples       && sed -e '/# am--include-marker/d' Makefile         | make -f - am--depfiles
config.status:2366: $? = 0
configure:30630: summary of build options:

    Package version: 1.65.0
    Library version: 42:4:28
    Install prefix:  /usr/local
    System types:
      Build:         x86_64-pc-linux-gnu
      Host:          x86_64-pc-linux-gnu
      Target:        x86_64-pc-linux-gnu
    Compiler:
      C compiler:     gcc
      CFLAGS:         -g -O2
      LDFLAGS:        
      C++ compiler:   g++ -std=gnu++20
      CXXFLAGS:       -g -O2
      CXXCPP:         g++ -E -std=gnu++20
      C preprocessor: gcc -E
      CPPFLAGS:       
      WARNCFLAGS:     
      WARNCXXFLAGS:   
      CXX1XCXXFLAGS:  
      EXTRACFLAG:     -fvisibility=hidden
      BPFCFLAGS:      
      EXTRABPFCFLAGS: 
      LIBS:           
      DEFS:           -DHAVE_CONFIG_H
      EXTRA_DEFS:     
    Library:
      Shared:         yes
      Static:         yes
    Libtool:
      LIBTOOL_LDFLAGS: 
    Python:
      Python:         /usr/bin/python3
      PYTHON_VERSION: 3.12
    Test:
      Failmalloc:     yes
    Libs:
      wolfSSL:        no (CFLAGS='' LIBS='')
      OpenSSL:        no (CFLAGS='' LIBS='')
      Libxml2:        no (CFLAGS='' LIBS='')
      Libev:          no (CFLAGS='' LIBS='')
      Libc-ares:      no (CFLAGS='' LIBS='')
      libngtcp2:      no (CFLAGS='' LIBS='')
      libngtcp2_crypto_quictls: no (CFLAGS='' LIBS='')
      libngtcp2_crypto_boringssl: no (CFLAGS='' LIBS='')
      libnghttp3:     no (CFLAGS='' LIBS='')
      libbpf:         no (CFLAGS='' LIBS='')
      Libevent(SSL):  no (CFLAGS='' LIBS='')
      Jansson:        no (CFLAGS='' LIBS='')
      Jemalloc:       no (CFLAGS='' LIBS='')
      Zlib:           no (CFLAGS='' LIBS='')
      Systemd:        no (CFLAGS='' LIBS='')
      Libbrotlienc:   no (CFLAGS="' LIBS='')
      Libbrotlidec:   no (CFLAGS="' LIBS='')
    Third-party:
      http-parser:    no
      MRuby:          no (CFLAGS='' LIBS='')
      Neverbleed:     no
    Features:
      Applications:   no
      HPACK tools:    no
      Examples:       no
      Threading:      no
      HTTP/3 (EXPERIMENTAL): no


## ---------------- ##
## Cache variables. ##
## ---------------- ##

ac_cv_build=x86_64-pc-linux-gnu
ac_cv_c_bigendian=no
ac_cv_c_compiler_gnu=yes
ac_cv_c_inline=inline
ac_cv_c_int16_t=yes
ac_cv_c_int32_t=yes
ac_cv_c_int64_t=yes
ac_cv_c_int8_t=yes
ac_cv_c_uint16_t=yes
ac_cv_c_uint32_t=yes
ac_cv_c_uint64_t=yes
ac_cv_c_uint8_t=yes
ac_cv_c_undeclared_builtin_options='none needed'
ac_cv_cxx_compiler_gnu=yes
ac_cv_env_BPFCFLAGS_set=
ac_cv_env_BPFCFLAGS_value=
ac_cv_env_CCC_set=
ac_cv_env_CCC_value=
ac_cv_env_CC_set=
ac_cv_env_CC_value=
ac_cv_env_CFLAGS_set=
ac_cv_env_CFLAGS_value=
ac_cv_env_CPPFLAGS_set=
ac_cv_env_CPPFLAGS_value=
ac_cv_env_CPP_set=
ac_cv_env_CPP_value=
ac_cv_env_CXXCPP_set=
ac_cv_env_CXXCPP_value=
ac_cv_env_CXXFLAGS_set=
ac_cv_env_CXXFLAGS_value=
ac_cv_env_CXX_set=
ac_cv_env_CXX_value=
ac_cv_env_JANSSON_CFLAGS_set=
ac_cv_env_JANSSON_CFLAGS_value=
ac_cv_env_JANSSON_LIBS_set=
ac_cv_env_JANSSON_LIBS_value=
ac_cv_env_JEMALLOC_CFLAGS_set=
ac_cv_env_JEMALLOC_CFLAGS_value=
ac_cv_env_JEMALLOC_LIBS_set=
ac_cv_env_JEMALLOC_LIBS_value=
ac_cv_env_LDFLAGS_set=
ac_cv_env_LDFLAGS_value=
ac_cv_env_LIBBPF_CFLAGS_set=
ac_cv_env_LIBBPF_CFLAGS_value=
ac_cv_env_LIBBPF_LIBS_set=
ac_cv_env_LIBBPF_LIBS_value=
ac_cv_env_LIBBROTLIDEC_CFLAGS_set=
ac_cv_env_LIBBROTLIDEC_CFLAGS_value=
ac_cv_env_LIBBROTLIDEC_LIBS_set=
ac_cv_env_LIBBROTLIDEC_LIBS_value=
ac_cv_env_LIBBROTLIENC_CFLAGS_set=
ac_cv_env_LIBBROTLIENC_CFLAGS_value=
ac_cv_env_LIBBROTLIENC_LIBS_set=
ac_cv_env_LIBBROTLIENC_LIBS_value=
ac_cv_env_LIBCARES_CFLAGS_set=
ac_cv_env_LIBCARES_CFLAGS_value=
ac_cv_env_LIBCARES_LIBS_set=
ac_cv_env_LIBCARES_LIBS_value=
ac_cv_env_LIBEVENT_OPENSSL_CFLAGS_set=
ac_cv_env_LIBEVENT_OPENSSL_CFLAGS_value=
ac_cv_env_LIBEVENT_OPENSSL_LIBS_set=
ac_cv_env_LIBEVENT_OPENSSL_LIBS_value=
ac_cv_env_LIBEV_CFLAGS_set=
ac_cv_env_LIBEV_CFLAGS_value=
ac_cv_env_LIBEV_LIBS_set=
ac_cv_env_LIBEV_LIBS_value=
ac_cv_env_LIBNGHTTP3_CFLAGS_set=
ac_cv_env_LIBNGHTTP3_CFLAGS_value=
ac_cv_env_LIBNGHTTP3_LIBS_set=
ac_cv_env_LIBNGHTTP3_LIBS_value=
ac_cv_env_LIBNGTCP2_CFLAGS_set=
ac_cv_env_LIBNGTCP2_CFLAGS_value=
ac_cv_env_LIBNGTCP2_CRYPTO_BORINGSSL_CFLAGS_set=
ac_cv_env_LIBNGTCP2_CRYPTO_BORINGSSL_CFLAGS_value=
ac_cv_env_LIBNGTCP2_CRYPTO_BORINGSSL_LIBS_set=
ac_cv_env_LIBNGTCP2_CRYPTO_BORINGSSL_LIBS_value=
ac_cv_env_LIBNGTCP2_CRYPTO_QUICTLS_CFLAGS_set=
ac_cv_env_LIBNGTCP2_CRYPTO_QUICTLS_CFLAGS_value=
ac_cv_env_LIBNGTCP2_CRYPTO_QUICTLS_LIBS_set=
ac_cv_env_LIBNGTCP2_CRYPTO_QUICTLS_LIBS_value=
ac_cv_env_LIBNGTCP2_CRYPTO_WOLFSSL_CFLAGS_set=
ac_cv_env_LIBNGTCP2_CRYPTO_WOLFSSL_CFLAGS_value=
ac_cv_env_LIBNGTCP2_CRYPTO_WOLFSSL_LIBS_set=
ac_cv_env_LIBNGTCP2_CRYPTO_WOLFSSL_LIBS_value=
ac_cv_env_LIBNGTCP2_LIBS_set=
ac_cv_env_LIBNGTCP2_LIBS_value=
ac_cv_env_LIBS_set=
ac_cv_env_LIBS_value=
ac_cv_env_LIBTOOL_LDFLAGS_set=
ac_cv_env_LIBTOOL_LDFLAGS_value=
ac_cv_env_LIBXML2_CFLAGS_set=
ac_cv_env_LIBXML2_CFLAGS_value=
ac_cv_env_LIBXML2_LIBS_set=
ac_cv_env_LIBXML2_LIBS_value=
ac_cv_env_LT_SYS_LIBRARY_PATH_set=
ac_cv_env_LT_SYS_LIBRARY_PATH_value=
ac_cv_env_OPENSSL_CFLAGS_set=
ac_cv_env_OPENSSL_CFLAGS_value=
ac_cv_env_OPENSSL_LIBS_set=
ac_cv_env_OPENSSL_LIBS_value=
ac_cv_env_PKG_CONFIG_LIBDIR_set=
ac_cv_env_PKG_CONFIG_LIBDIR_value=
ac_cv_env_PKG_CONFIG_PATH_set=
ac_cv_env_PKG_CONFIG_PATH_value=
ac_cv_env_PKG_CONFIG_set=
ac_cv_env_PKG_CONFIG_value=
ac_cv_env_PYTHON_set=
ac_cv_env_PYTHON_value=
ac_cv_env_SYSTEMD_CFLAGS_set=
ac_cv_env_SYSTEMD_CFLAGS_value=
ac_cv_env_SYSTEMD_LIBS_set=
ac_cv_env_SYSTEMD_LIBS_value=
ac_cv_env_WOLFSSL_CFLAGS_set=
ac_cv_env_WOLFSSL_CFLAGS_value=
ac_cv_env_WOLFSSL_LIBS_set=
ac_cv_env_WOLFSSL_LIBS_value=
ac_cv_env_ZLIB_CFLAGS_set=
ac_cv_env_ZLIB_CFLAGS_value=
ac_cv_env_ZLIB_LIBS_set=
ac_cv_env_ZLIB_LIBS_value=
ac_cv_env_build_alias_set=
ac_cv_env_build_alias_value=
ac_cv_env_host_alias_set=
ac_cv_env_host_alias_value=
ac_cv_env_target_alias_set=
ac_cv_env_target_alias_value=
ac_cv_func__Exit=yes
ac_cv_func_accept4=yes
ac_cv_func_chown_works=yes
ac_cv_func_clock_gettime=yes
ac_cv_func_dup2=yes
ac_cv_func_fork=yes
ac_cv_func_fork_works=yes
ac_cv_func_getcwd=yes
ac_cv_func_getpwnam=yes
ac_cv_func_localtime_r=yes
ac_cv_func_memchr=yes
ac_cv_func_memmove=yes
ac_cv_func_memset=yes
ac_cv_func_mkostemp=yes
ac_cv_func_pipe2=yes
ac_cv_func_socket=yes
ac_cv_func_sqrt=no
ac_cv_func_strchr=yes
ac_cv_func_strdup=yes
ac_cv_func_strerror=yes
ac_cv_func_strerror_r_char_p=yes
ac_cv_func_strndup=yes
ac_cv_func_strnlen_working=yes
ac_cv_func_strstr=yes
ac_cv_func_strtol=yes
ac_cv_func_strtoul=yes
ac_cv_func_timegm=yes
ac_cv_func_timerfd_create=yes
ac_cv_func_vfork=yes
ac_cv_func_vfork_works=yes
ac_cv_have_decl_CLOCK_MONOTONIC=yes
ac_cv_have_decl_initgroups=yes
ac_cv_have_decl_strerror_r=yes
ac_cv_header_arpa_inet_h=yes
ac_cv_header_dlfcn_h=yes
ac_cv_header_fcntl_h=yes
ac_cv_header_inttypes_h=yes
ac_cv_header_limits_h=yes
ac_cv_header_minix_config_h=no
ac_cv_header_netdb_h=yes
ac_cv_header_netinet_in_h=yes
ac_cv_header_netinet_ip_h=yes
ac_cv_header_pwd_h=yes
ac_cv_header_stddef_h=yes
ac_cv_header_stdint_h=yes
ac_cv_header_stdio_h=yes
ac_cv_header_stdlib_h=yes
ac_cv_header_string_h=yes
ac_cv_header_strings_h=yes
ac_cv_header_sys_socket_h=yes
ac_cv_header_sys_stat_h=yes
ac_cv_header_sys_time_h=yes
ac_cv_header_sys_types_h=yes
ac_cv_header_syslog_h=yes
ac_cv_header_unistd_h=yes
ac_cv_header_vfork_h=no
ac_cv_header_wchar_h=yes
ac_cv_header_windows_h=no
ac_cv_host=x86_64-pc-linux-gnu
ac_cv_lib_error_at_line=yes
ac_cv_member_struct_sockaddr_in6_sin6_len=no
ac_cv_member_struct_sockaddr_in_sin_len=no
ac_cv_member_struct_tm_tm_gmtoff=yes
ac_cv_objext=o
ac_cv_path_EGREP='/usr/bin/grep -E'
ac_cv_path_FGREP='/usr/bin/grep -F'
ac_cv_path_GREP=/usr/bin/grep
ac_cv_path_PYTHON=/usr/bin/python3
ac_cv_path_SED=/usr/bin/sed
ac_cv_path_ac_pt_PKG_CONFIG=/usr/bin/pkg-config
ac_cv_path_install='/usr/bin/install -c'
ac_cv_path_lt_DD=/usr/bin/dd
ac_cv_path_mkdir=/usr/bin/mkdir
ac_cv_prog_AWK=gawk
ac_cv_prog_CPP='gcc -E'
ac_cv_prog_CXXCPP='g++ -E'
ac_cv_prog_ac_ct_AR=ar
ac_cv_prog_ac_ct_CC=gcc
ac_cv_prog_ac_ct_CXX=g++
ac_cv_prog_ac_ct_FILECMD=file
ac_cv_prog_ac_ct_MANIFEST_TOOL=mt
ac_cv_prog_ac_ct_OBJDUMP=objdump
ac_cv_prog_ac_ct_RANLIB=ranlib
ac_cv_prog_ac_ct_STRIP=strip
ac_cv_prog_cc_c11=
ac_cv_prog_cc_g=yes
ac_cv_prog_cc_stdc=
ac_cv_prog_cxx_cxx11=
ac_cv_prog_cxx_g=yes
ac_cv_prog_cxx_stdcxx=
ac_cv_prog_make_make_set=yes
ac_cv_safe_to_define___extensions__=yes
ac_cv_search_dlopen='none required'
ac_cv_should_define__xopen_source=no
ac_cv_sys_file_offset_bits=no
ac_cv_sys_largefile_CC=no
ac_cv_target=x86_64-pc-linux-gnu
ac_cv_type_off_t=yes
ac_cv_type_pid_t=yes
ac_cv_type_ptrdiff_t=yes
ac_cv_type_size_t=yes
ac_cv_type_ssize_t=yes
ac_cv_type_uid_t=yes
am_cv_CC_dependencies_compiler_type=gcc3
am_cv_CXX_dependencies_compiler_type=gcc3
am_cv_make_support_nested_variables=yes
am_cv_pathless_PYTHON=python3
am_cv_prog_cc_c_o=yes
am_cv_prog_tar_pax=gnutar
am_cv_python_platform=linux
am_cv_python_pyexecdir='${PYTHON_EXEC_PREFIX}/lib/python3.12/site-packages'
am_cv_python_pythondir='${PYTHON_PREFIX}/lib/python3.12/site-packages'
am_cv_python_version=3.12
ax_cv_check_cflags___fvisibility_hidden=yes
ax_cv_cxx_compile_cxx20=no
ax_cv_cxx_compile_cxx20__std_gnupp20=yes
lt_cv_ar_at_file=@
lt_cv_archive_cmds_need_lc=no
lt_cv_deplibs_check_method=pass_all
lt_cv_file_magic_cmd='$MAGIC_CMD'
lt_cv_file_magic_test_file=
lt_cv_ld_reload_flag=-r
lt_cv_nm_interface='BSD nm'
lt_cv_objdir=.libs
lt_cv_path_LD=/usr/bin/ld
lt_cv_path_LDCXX='/usr/bin/ld -m elf_x86_64'
lt_cv_path_NM='/usr/bin/nm -B'
lt_cv_path_mainfest_tool=no
lt_cv_prog_compiler_c_o=yes
lt_cv_prog_compiler_c_o_CXX=yes
lt_cv_prog_compiler_pic='-fPIC -DPIC'
lt_cv_prog_compiler_pic_CXX='-fPIC -DPIC'
lt_cv_prog_compiler_pic_works=yes
lt_cv_prog_compiler_pic_works_CXX=yes
lt_cv_prog_compiler_rtti_exceptions=no
lt_cv_prog_compiler_static_works=yes
lt_cv_prog_compiler_static_works_CXX=yes
lt_cv_prog_gnu_ld=yes
lt_cv_prog_gnu_ldcxx=yes
lt_cv_sharedlib_from_linklib_cmd='printf %s\n'
lt_cv_shlibpath_overrides_runpath=yes
lt_cv_sys_global_symbol_pipe='/usr/bin/sed -n -e '\''s/^.*[	 ]\([ABCDGIRSTW][ABCDGIRSTW]*\)[	 ][	 ]*\([_A-Za-z][_A-Za-z0-9]*\)$/\1 \2 \2/p'\'' | /usr/bin/sed '\''/ __gnu_lto/d'\'''
lt_cv_sys_global_symbol_to_c_name_address='/usr/bin/sed -n -e '\''s/^: \(.*\) .*$/  {"\1", (void *) 0},/p'\'' -e '\''s/^[ABCDGIRSTW][ABCDGIRSTW]* .* \(.*\)$/  {"\1", (void *) \&\1},/p'\'''
lt_cv_sys_global_symbol_to_c_name_address_lib_prefix='/usr/bin/sed -n -e '\''s/^: \(.*\) .*$/  {"\1", (void *) 0},/p'\'' -e '\''s/^[ABCDGIRSTW][ABCDGIRSTW]* .* \(lib.*\)$/  {"\1", (void *) \&\1},/p'\'' -e '\''s/^[ABCDGIRSTW][ABCDGIRSTW]* .* \(.*\)$/  {"lib\1", (void *) \&\1},/p'\'''
lt_cv_sys_global_symbol_to_cdecl='/usr/bin/sed -n -e '\''s/^T .* \(.*\)$/extern int \1();/p'\'' -e '\''s/^[ABCDGIRSTW][ABCDGIRSTW]* .* \(.*\)$/extern char \1;/p'\'''
lt_cv_sys_global_symbol_to_import=
lt_cv_sys_max_cmd_len=1572864
lt_cv_to_host_file_cmd=func_convert_file_noop
lt_cv_to_tool_file_cmd=func_convert_file_noop
lt_cv_truncate_bin='/usr/bin/dd bs=4096 count=1'

## ----------------- ##
## Output variables. ##
## ----------------- ##

ACLOCAL='${SHELL} '\''/home/kcope/Dokumente/LikeOS-64/ports/lib/nghttp2-1.65.0/missing'\'' aclocal-1.16'
AMDEPBACKSLASH='\'
AMDEP_FALSE='#'
AMDEP_TRUE=''
AMTAR='$${TAR-tar}'
AM_BACKSLASH='\'
AM_DEFAULT_V='$(AM_DEFAULT_VERBOSITY)'
AM_DEFAULT_VERBOSITY='0'
AM_V='$(V)'
APPLDFLAGS='-ldl  -pthread'
AR='ar'
AUTOCONF='${SHELL} '\''/home/kcope/Dokumente/LikeOS-64/ports/lib/nghttp2-1.65.0/missing'\'' autoconf'
AUTOHEADER='${SHELL} '\''/home/kcope/Dokumente/LikeOS-64/ports/lib/nghttp2-1.65.0/missing'\'' autoheader'
AUTOMAKE='${SHELL} '\''/home/kcope/Dokumente/LikeOS-64/ports/lib/nghttp2-1.65.0/missing'\'' automake-1.16'
AWK='gawk'
BPFCFLAGS=''
CC='gcc'
CCDEPMODE='depmode=gcc3'
CFLAGS='-g -O2'
CPP='gcc -E'
CPPFLAGS=''
CSCOPE='cscope'
CTAGS='ctags'
CXX1XCXXFLAGS=''
CXX='g++ -std=gnu++20'
CXXCPP='g++ -E -std=gnu++20'
CXXDEPMODE='depmode=gcc3'
CXXFLAGS='-g -O2'
CYGPATH_W='echo'
DEFS='-DHAVE_CONFIG_H'
DEPDIR='.deps'
DLLTOOL='false'
DSYMUTIL=''
DUMPBIN=''
ECHO_C=''
ECHO_N='-n'
ECHO_T=''
EGREP='/usr/bin/grep -E'
ENABLE_APP_FALSE=''
ENABLE_APP_TRUE='#'
ENABLE_EXAMPLES_FALSE=''
ENABLE_EXAMPLES_TRUE='#'
ENABLE_FAILMALLOC_FALSE='#'
ENABLE_FAILMALLOC_TRUE=''
ENABLE_HPACK_TOOLS_FALSE=''
ENABLE_HPACK_TOOLS_TRUE='#'
ENABLE_HTTP3_FALSE=''
ENABLE_HTTP3_TRUE='#'
ENABLE_STATIC_FALSE='#'
ENABLE_STATIC_TRUE=''
ENABLE_THIRD_PARTY_FALSE=''
ENABLE_THIRD_PARTY_TRUE='#'
ETAGS='etags'
EXEEXT=''
EXTRABPFCFLAGS=''
EXTRACFLAG='-fvisibility=hidden'
EXTRA_DEFS=''
FGREP='/usr/bin/grep -F'
FILECMD='file'
GREP='/usr/bin/grep'
HAVE_CXX20='1'
HAVE_LIBBPF_FALSE=''
HAVE_LIBBPF_TRUE='#'
HAVE_LIBXML2_FALSE=''
HAVE_LIBXML2_TRUE='#'
HAVE_MRUBY_FALSE=''
HAVE_MRUBY_TRUE='#'
HAVE_NEVERBLEED_FALSE=''
HAVE_NEVERBLEED_TRUE='#'
INSTALL_DATA='${INSTALL} -m 644'
INSTALL_PROGRAM='${INSTALL}'
INSTALL_SCRIPT='${INSTALL}'
INSTALL_STRIP_PROGRAM='$(install_sh) -c -s'
JANSSON_CFLAGS=''
JANSSON_LIBS=''
JEMALLOC_CFLAGS=''
JEMALLOC_LIBS=''
LD='/usr/bin/ld -m elf_x86_64'
LDFLAGS=''
LIBBPF_CFLAGS=''
LIBBPF_LIBS=''
LIBBROTLIDEC_CFLAGS=''
LIBBROTLIDEC_LIBS=''
LIBBROTLIENC_CFLAGS=''
LIBBROTLIENC_LIBS=''
LIBCARES_CFLAGS=''
LIBCARES_LIBS=''
LIBEVENT_OPENSSL_CFLAGS=''
LIBEVENT_OPENSSL_LIBS=''
LIBEV_CFLAGS=''
LIBEV_LIBS=''
LIBMRUBY_CFLAGS=''
LIBMRUBY_LIBS=''
LIBNGHTTP3_CFLAGS=''
LIBNGHTTP3_LIBS=''
LIBNGTCP2_CFLAGS=''
LIBNGTCP2_CRYPTO_BORINGSSL_CFLAGS=''
LIBNGTCP2_CRYPTO_BORINGSSL_LIBS=''
LIBNGTCP2_CRYPTO_QUICTLS_CFLAGS=''
LIBNGTCP2_CRYPTO_QUICTLS_LIBS=''
LIBNGTCP2_CRYPTO_WOLFSSL_CFLAGS=''
LIBNGTCP2_CRYPTO_WOLFSSL_LIBS=''
LIBNGTCP2_LIBS=''
LIBOBJS=''
LIBS=''
LIBTOOL='$(SHELL) $(top_builddir)/libtool'
LIBTOOL_LDFLAGS=''
LIBXML2_CFLAGS=''
LIBXML2_LIBS=''
LIPO=''
LN_S='ln -s'
LTLIBOBJS=''
LT_AGE='28'
LT_CURRENT='42'
LT_REVISION='4'
LT_SYS_LIBRARY_PATH=''
MAKEINFO='${SHELL} '\''/home/kcope/Dokumente/LikeOS-64/ports/lib/nghttp2-1.65.0/missing'\'' makeinfo'
MANIFEST_TOOL=':'
MKDIR_P='/usr/bin/mkdir -p'
NM='/usr/bin/nm -B'
NMEDIT=''
OBJDUMP='objdump'
OBJEXT='o'
OPENSSL_CFLAGS=''
OPENSSL_LIBS=''
OTOOL64=''
OTOOL=''
PACKAGE='nghttp2'
PACKAGE_BUGREPORT='t-tujikawa@users.sourceforge.net'
PACKAGE_NAME='nghttp2'
PACKAGE_STRING='nghttp2 1.65.0'
PACKAGE_TARNAME='nghttp2'
PACKAGE_URL=''
PACKAGE_VERSION='1.65.0'
PACKAGE_VERSION_NUM='0x014100'
PATH_SEPARATOR=':'
PKG_CONFIG='/usr/bin/pkg-config'
PKG_CONFIG_LIBDIR=''
PKG_CONFIG_PATH=''
PYTHON='/usr/bin/python3'
PYTHON_EXEC_PREFIX='${exec_prefix}'
PYTHON_PLATFORM='linux'
PYTHON_PREFIX='${prefix}'
PYTHON_VERSION='3.12'
RANLIB='ranlib'
SED='/usr/bin/sed'
SET_MAKE=''
SHELL='/bin/bash'
STRIP='strip'
SYSTEMD_CFLAGS=''
SYSTEMD_LIBS=''
TESTLDADD=''
VERSION='1.65.0'
WARNCFLAGS=''
WARNCXXFLAGS=''
WOLFSSL_CFLAGS=''
WOLFSSL_LIBS=''
ZLIB_CFLAGS=''
ZLIB_LIBS=''
ac_ct_AR='ar'
ac_ct_CC='gcc'
ac_ct_CXX='g++'
ac_ct_DUMPBIN=''
am__EXEEXT_FALSE=''
am__EXEEXT_TRUE='#'
am__fastdepCC_FALSE='#'
am__fastdepCC_TRUE=''
am__fastdepCXX_FALSE='#'
am__fastdepCXX_TRUE=''
am__include='include'
am__isrc=''
am__leading_dot='.'
am__nodep='_no'
am__quote=''
am__tar='tar --format=posix -chf - "$$tardir"'
am__untar='tar -xf -'
bindir='${exec_prefix}/bin'
build='x86_64-pc-linux-gnu'
build_alias=''
build_cpu='x86_64'
build_os='linux-gnu'
build_vendor='pc'
datadir='${datarootdir}'
datarootdir='${prefix}/share'
docdir='${datarootdir}/doc/${PACKAGE_TARNAME}'
dvidir='${docdir}'
exec_prefix='${prefix}'
host='x86_64-pc-linux-gnu'
host_alias=''
host_cpu='x86_64'
host_os='linux-gnu'
host_vendor='pc'
htmldir='${docdir}'
includedir='${prefix}/include'
infodir='${datarootdir}/info'
install_sh='${SHELL} /home/kcope/Dokumente/LikeOS-64/ports/lib/nghttp2-1.65.0/install-sh'
libdir='${exec_prefix}/lib'
libexecdir='${exec_prefix}/libexec'
localedir='${datarootdir}/locale'
localstatedir='${prefix}/var'
mandir='${datarootdir}/man'
mkdir_p='$(MKDIR_P)'
oldincludedir='/usr/include'
pdfdir='${docdir}'
pkgpyexecdir='${pyexecdir}/nghttp2'
pkgpythondir='${pythondir}/nghttp2'
prefix='/usr/local'
program_transform_name='s,x,x,'
psdir='${docdir}'
pyexecdir='${PYTHON_EXEC_PREFIX}/lib/python3.12/site-packages'
pythondir='${PYTHON_PREFIX}/lib/python3.12/site-packages'
runstatedir='${localstatedir}/run'
sbindir='${exec_prefix}/sbin'
sharedstatedir='${prefix}/com'
sysconfdir='${prefix}/etc'
target='x86_64-pc-linux-gnu'
target_alias=''
target_cpu='x86_64'
target_os='linux-gnu'
target_vendor='pc'

## ----------- ##
## confdefs.h. ##
## ----------- ##

/* confdefs.h */
#define PACKAGE_NAME "nghttp2"
#define PACKAGE_TARNAME "nghttp2"
#define PACKAGE_VERSION "1.65.0"
#define PACKAGE_STRING "nghttp2 1.65.0"
#define PACKAGE_BUGREPORT "t-tujikawa@users.sourceforge.net"
#define PACKAGE_URL ""
#define HAVE_STDIO_H 1
#define HAVE_STDLIB_H 1
#define HAVE_STRING_H 1
#define HAVE_INTTYPES_H 1
#define HAVE_STDINT_H 1
#define HAVE_STRINGS_H 1
#define HAVE_SYS_STAT_H 1
#define HAVE_SYS_TYPES_H 1
#define HAVE_UNISTD_H 1
#define HAVE_WCHAR_H 1
#define STDC_HEADERS 1
#define _ALL_SOURCE 1
#define _DARWIN_C_SOURCE 1
#define _GNU_SOURCE 1
#define _HPUX_ALT_XOPEN_SOCKET_API 1
#define _NETBSD_SOURCE 1
#define _OPENBSD_SOURCE 1
#define _POSIX_PTHREAD_SEMANTICS 1
#define __STDC_WANT_IEC_60559_ATTRIBS_EXT__ 1
#define __STDC_WANT_IEC_60559_BFP_EXT__ 1
#define __STDC_WANT_IEC_60559_DFP_EXT__ 1
#define __STDC_WANT_IEC_60559_FUNCS_EXT__ 1
#define __STDC_WANT_IEC_60559_TYPES_EXT__ 1
#define __STDC_WANT_LIB_EXT2__ 1
#define __STDC_WANT_MATH_SPEC_FUNCS__ 1
#define _TANDEM_SOURCE 1
#define __EXTENSIONS__ 1
#define HAVE_DLFCN_H 1
#define LT_OBJDIR ".libs/"
#define PACKAGE "nghttp2"
#define VERSION "1.65.0"
#define NGHTTP2_NORETURN __attribute__((noreturn))
#define HAVE_CXX20 1
#define HAVE_STD_FUTURE 1
#define HAVE_STD_MAP_EMPLACE 1
#define HAVE_ATOMIC_STD_SHARED_PTR 1
#define HAVE_THREAD_LOCAL 1
#define HAVE_ARPA_INET_H 1
#define HAVE_FCNTL_H 1
#define HAVE_INTTYPES_H 1
#define HAVE_LIMITS_H 1
#define HAVE_NETDB_H 1
#define HAVE_NETINET_IN_H 1
#define HAVE_NETINET_IP_H 1
#define HAVE_PWD_H 1
#define HAVE_STDDEF_H 1
#define HAVE_STDINT_H 1
#define HAVE_STDLIB_H 1
#define HAVE_STRING_H 1
#define HAVE_SYS_SOCKET_H 1
#define HAVE_SYS_TIME_H 1
#define HAVE_SYSLOG_H 1
#define HAVE_UNISTD_H 1
#define HAVE_PTRDIFF_T 1
#define HAVE_STRUCT_TM_TM_GMTOFF 1
#define HAVE_CHOWN 1
#define HAVE_FORK 1
#define HAVE_VFORK 1
#define HAVE_WORKING_VFORK 1
#define HAVE_WORKING_FORK 1
#define HAVE_DECL_STRERROR_R 1
#define HAVE_STRERROR_R 1
#define STRERROR_R_CHAR_P 1
#define HAVE__EXIT 1
#define HAVE_ACCEPT4 1
#define HAVE_CLOCK_GETTIME 1
#define HAVE_DUP2 1
#define HAVE_GETCWD 1
#define HAVE_GETPWNAM 1
#define HAVE_LOCALTIME_R 1
#define HAVE_MEMCHR 1
#define HAVE_MEMMOVE 1
#define HAVE_MEMSET 1
#define HAVE_MKOSTEMP 1
#define HAVE_PIPE2 1
#define HAVE_SOCKET 1
#define HAVE_STRCHR 1
#define HAVE_STRDUP 1
#define HAVE_STRERROR 1
#define HAVE_STRNDUP 1
#define HAVE_STRSTR 1
#define HAVE_STRTOL 1
#define HAVE_STRTOUL 1
#define HAVE_TIMEGM 1
#define HAVE_DECL_INITGROUPS 1
#define HAVE_DECL_CLOCK_MONOTONIC 1
#define NOTHREADS 1

configure: exit 0
